time,Distance
3/6/2024 12:31,34.8
3/6/2024 12:31,35.2
3/6/2024 12:31,223
3/6/2024 12:31,42.9
3/6/2024 12:31,223
3/6/2024 12:31,69.4
3/6/2024 12:31,31.4
3/6/2024 12:31,21.5
3/6/2024 12:31,223
3/6/2024 12:31,223
3/6/2024 12:31,223
3/6/2024 12:30,35
3/6/2024 12:30,223
3/6/2024 12:30,223
3/6/2024 12:30,223
3/6/2024 12:30,23.2
3/6/2024 12:30,21.2
3/6/2024 12:30,21.2
3/6/2024 12:30,238
3/6/2024 12:30,40.5
3/6/2024 12:30,54.9
3/6/2024 12:30,39.6
3/6/2024 12:30,43.8
3/6/2024 12:29,260
3/6/2024 12:29,223
3/6/2024 12:29,223
3/6/2024 12:29,223
3/6/2024 12:29,223
3/6/2024 12:29,224
3/6/2024 12:29,15.8
3/6/2024 12:29,76.4
3/6/2024 12:29,42.8
3/6/2024 12:29,22.3
3/6/2024 12:29,19.6
3/6/2024 12:28,44.6
3/6/2024 12:28,45.5
3/6/2024 12:28,31.9
3/6/2024 12:28,225
3/6/2024 12:28,225
3/6/2024 12:28,21.2
3/6/2024 12:28,40.7
3/6/2024 12:28,224
3/6/2024 12:28,224
3/6/2024 12:28,111
3/6/2024 12:28,32.1
3/6/2024 12:28,35.6
3/6/2024 12:27,35.2
3/6/2024 12:27,35.5
3/6/2024 12:27,29.6
3/6/2024 12:27,31.5
3/6/2024 12:27,42
3/6/2024 12:27,19.9
3/6/2024 12:27,22.6
3/6/2024 12:27,41.2
3/6/2024 12:27,41.2
3/6/2024 12:27,40.3
3/6/2024 12:27,38.2
3/6/2024 12:26,76.4
3/6/2024 12:26,224
3/6/2024 12:26,224
3/6/2024 12:26,18.7
3/6/2024 12:26,28.8
3/6/2024 12:26,30.1
3/6/2024 12:26,30.2
3/6/2024 12:26,226
3/6/2024 12:26,38.6
3/6/2024 12:26,222
3/6/2024 12:26,16.8
3/6/2024 12:25,17.4
3/6/2024 12:25,21.8
3/6/2024 12:25,224
3/6/2024 12:25,239
3/6/2024 12:25,226
3/6/2024 12:25,239
3/6/2024 12:25,225
3/6/2024 12:25,222
3/6/2024 12:25,223
3/6/2024 12:25,22.3
3/6/2024 12:25,222
3/6/2024 12:24,184
3/6/2024 12:24,223
3/6/2024 12:24,44
3/6/2024 12:24,44.4
3/6/2024 12:24,43
3/6/2024 12:24,42.6
3/6/2024 12:24,42.2
3/6/2024 12:24,50.5
3/6/2024 12:24,42.6
3/6/2024 12:24,45.2
3/6/2024 12:24,48.5
3/6/2024 12:24,62.1
3/6/2024 12:23,45.2
3/6/2024 12:23,44.4
3/6/2024 12:23,48.5
3/6/2024 12:23,42.8
3/6/2024 12:23,43.6
3/6/2024 12:23,49.8
3/6/2024 12:23,45
3/6/2024 12:23,44.7
3/6/2024 12:23,43.4
3/6/2024 12:23,45.6
3/6/2024 12:23,44.5
3/6/2024 12:23,44.3
3/6/2024 12:22,44.4
3/6/2024 12:22,44.2
3/6/2024 12:22,44.2
3/6/2024 12:22,43.3
3/6/2024 12:22,43.8
3/6/2024 12:22,43.7
3/6/2024 12:22,45.3
3/6/2024 12:22,62.1
3/6/2024 12:22,48.5
3/6/2024 12:22,61.2
3/6/2024 12:22,55
3/6/2024 12:21,46.8
3/6/2024 12:21,35.2
3/6/2024 12:21,259
3/6/2024 12:21,35.5
3/6/2024 12:21,223
3/6/2024 12:21,223
3/6/2024 12:21,34.3
3/6/2024 12:21,42
3/6/2024 12:21,59.3
3/6/2024 12:21,42.4
3/6/2024 12:21,33.8
3/6/2024 12:21,44
3/6/2024 12:20,48.1
3/6/2024 12:20,22.9
3/6/2024 12:20,21.8
3/6/2024 12:20,18.7
3/6/2024 12:20,223
3/6/2024 12:20,42.4
3/6/2024 12:20,44.7
3/6/2024 12:20,43.9
3/6/2024 12:20,43.9
3/6/2024 12:20,42.4
3/6/2024 12:20,43.6
3/6/2024 12:19,43.6
3/6/2024 12:19,223
3/6/2024 12:19,43.9
3/6/2024 12:19,42.6
3/6/2024 12:19,42.2
3/6/2024 12:19,42.9
3/6/2024 12:19,42.6
3/6/2024 12:19,44.7
3/6/2024 12:19,55
3/6/2024 12:19,223
3/6/2024 12:19,30.1
3/6/2024 12:19,30.9
3/6/2024 12:18,38.4
3/6/2024 12:18,28
3/6/2024 12:18,36.1
3/6/2024 12:18,223
3/6/2024 12:18,223
3/6/2024 12:18,223
3/6/2024 12:18,84.6
3/6/2024 12:18,35.7
3/6/2024 12:18,45.6
3/6/2024 12:18,44.5
3/6/2024 12:18,47.9
3/6/2024 12:17,48.1
3/6/2024 12:17,19
3/6/2024 12:17,239
3/6/2024 12:17,46.5
3/6/2024 12:17,48.1
3/6/2024 12:17,48.3
3/6/2024 12:17,222
3/6/2024 12:17,223
3/6/2024 12:17,54.9
3/6/2024 12:17,223
3/6/2024 12:17,223
3/6/2024 12:17,65.1
3/6/2024 12:16,16.4
3/6/2024 12:16,223
3/6/2024 12:16,223
3/6/2024 12:16,223
3/6/2024 12:16,48.3
3/6/2024 12:16,155
3/6/2024 12:16,239
3/6/2024 12:16,154
3/6/2024 12:16,225
3/6/2024 12:16,36.3
3/6/2024 12:16,35
3/6/2024 12:15,23.8
3/6/2024 12:15,154
3/6/2024 12:15,154
3/6/2024 12:15,35.5
3/6/2024 12:15,35.9
3/6/2024 12:15,48.1
3/6/2024 12:15,154
3/6/2024 12:15,35
3/6/2024 12:15,239
3/6/2024 12:15,48.8
3/6/2024 12:15,154
3/6/2024 12:15,156
3/6/2024 12:14,156
3/6/2024 12:14,155
3/6/2024 12:14,48.1
3/6/2024 12:14,19.9
3/6/2024 12:14,241
3/6/2024 12:14,239
3/6/2024 12:14,20.9
3/6/2024 12:14,28.6
3/6/2024 12:14,223
3/6/2024 12:14,35
3/6/2024 12:14,42.9
3/6/2024 12:13,44.3
3/6/2024 12:13,41.4
3/6/2024 12:13,36.3
3/6/2024 12:13,44.9
3/6/2024 12:13,43.2
3/6/2024 12:13,223
3/6/2024 12:13,33.5
3/6/2024 12:13,34.5
3/6/2024 12:13,43
3/6/2024 12:13,42.2
3/6/2024 12:13,38
3/6/2024 12:13,36.1
3/6/2024 12:12,40.7
3/6/2024 12:12,31.7
3/6/2024 12:12,35.2
3/6/2024 12:12,36.1
3/6/2024 12:12,37.3
3/6/2024 12:12,34.7
3/6/2024 12:12,38.9
3/6/2024 12:12,34.5
3/6/2024 12:12,35.7
3/6/2024 12:12,36.1
3/6/2024 12:12,80.1
3/6/2024 12:12,35.9
3/6/2024 12:11,33
3/6/2024 12:11,35.7
3/6/2024 12:11,35
3/6/2024 12:11,155
3/6/2024 12:11,21.5
3/6/2024 12:11,35
3/6/2024 12:11,34.7
3/6/2024 12:11,35.7
3/6/2024 12:11,35.4
3/6/2024 12:11,43.6
3/6/2024 12:11,42.8
3/6/2024 12:10,39.8
3/6/2024 12:10,79.4
3/6/2024 12:10,31.2
3/6/2024 12:10,89
3/6/2024 12:10,33
3/6/2024 12:10,34.5
3/6/2024 12:10,79.9
3/6/2024 12:10,35
3/6/2024 12:10,33.2
3/6/2024 12:10,32.4
3/6/2024 12:09,30.4
3/6/2024 12:09,22
3/6/2024 12:09,34.8
3/6/2024 12:09,35.9
3/6/2024 12:09,78
3/6/2024 12:09,36.6
3/6/2024 12:09,34.4
3/6/2024 12:09,34.7
3/6/2024 12:09,81.3
3/6/2024 12:09,224
3/6/2024 12:09,81.6
3/6/2024 12:09,35
3/6/2024 12:08,34.5
3/6/2024 12:08,42.2
3/6/2024 12:08,44
3/6/2024 12:08,42.8
3/6/2024 12:08,43
3/6/2024 12:08,223
3/6/2024 12:08,79.4
3/6/2024 12:08,78.9
3/6/2024 12:08,33.2
3/6/2024 12:08,35
3/6/2024 12:08,34.7
3/6/2024 12:08,36.1
3/6/2024 12:07,34.8
3/6/2024 12:07,79.9
3/6/2024 12:07,45.2
3/6/2024 12:07,43.3
3/6/2024 12:07,35.4
3/6/2024 12:07,34.7
3/6/2024 12:07,78.8
3/6/2024 12:07,48.3
3/6/2024 12:07,239
3/6/2024 12:07,45.5
3/6/2024 12:07,44.7
3/6/2024 12:06,48.3
3/6/2024 12:06,48
3/6/2024 12:06,35.9
3/6/2024 12:06,17.4
3/6/2024 12:06,16.8
3/6/2024 12:06,18.7
3/6/2024 12:06,19
3/6/2024 12:06,18.7
3/6/2024 12:06,19
3/6/2024 12:06,18
3/6/2024 12:06,29.4
3/6/2024 12:06,56.4
3/6/2024 12:05,46.4
3/6/2024 12:05,48.8
3/6/2024 12:05,53.3
3/6/2024 12:05,225
3/6/2024 12:05,17.1
3/6/2024 12:05,36.6
3/6/2024 12:05,35.9
3/6/2024 12:05,34.5
3/6/2024 12:05,33
3/6/2024 12:05,32.2
3/6/2024 12:05,81.8
3/6/2024 12:04,35.5
3/6/2024 12:04,80.6
3/6/2024 12:04,79.2
3/6/2024 12:04,36.1
3/6/2024 12:04,83.4
3/6/2024 12:04,79.7
3/6/2024 12:04,21.5
3/6/2024 12:04,25.2
3/6/2024 12:04,23.8
3/6/2024 12:04,26.4
3/6/2024 12:04,43.2
3/6/2024 12:04,35.7
3/6/2024 12:03,80.7
3/6/2024 12:03,35.7
3/6/2024 12:03,60.9
3/6/2024 12:03,65.9
3/6/2024 12:03,55
3/6/2024 12:03,55
3/6/2024 12:03,225
3/6/2024 12:03,61.9
3/6/2024 12:03,54.9
3/6/2024 12:03,49.1
3/6/2024 12:03,56.8
3/6/2024 12:02,30.7
3/6/2024 12:02,31.2
3/6/2024 12:02,68.6
3/6/2024 12:02,71.6
3/6/2024 12:02,89.1
3/6/2024 12:02,71.1
3/6/2024 12:02,69.9
3/6/2024 12:02,160
3/6/2024 12:02,70.3
3/6/2024 12:02,70.3
3/6/2024 12:02,160
3/6/2024 12:01,160
3/6/2024 12:01,69
3/6/2024 12:01,159
3/6/2024 12:01,159
3/6/2024 12:01,335
3/6/2024 12:01,334
3/6/2024 12:01,333
3/6/2024 12:01,160
3/6/2024 12:01,334
3/6/2024 12:01,334
3/6/2024 12:01,334
3/6/2024 12:01,335
3/6/2024 12:00,336
3/6/2024 12:00,69.9
3/6/2024 12:00,69.4
3/6/2024 12:00,71.5
3/6/2024 12:00,98.1
3/6/2024 12:00,70.7
3/6/2024 12:00,69.5
3/6/2024 12:00,71.1
3/6/2024 12:00,335
3/6/2024 12:00,69
3/6/2024 11:59,160
3/6/2024 11:59,68.6
3/6/2024 11:59,335
3/6/2024 11:59,158
3/6/2024 11:59,346
3/6/2024 11:59,70.3
3/6/2024 11:59,88.9
3/6/2024 11:59,69.9
3/6/2024 11:59,98
3/6/2024 11:59,160
3/6/2024 11:59,334
3/6/2024 11:59,69.4
3/6/2024 11:58,160
3/6/2024 11:58,69.4
3/6/2024 11:58,335
3/6/2024 11:58,159
3/6/2024 11:58,69.9
3/6/2024 11:58,71
3/6/2024 11:58,69.8
3/6/2024 11:58,160
3/6/2024 11:58,160
3/6/2024 11:58,71
3/6/2024 11:57,69.8
3/6/2024 11:57,69.9
3/6/2024 11:57,71.1
3/6/2024 11:57,161
3/6/2024 11:57,69.9
3/6/2024 11:57,70.2
3/6/2024 11:57,335
3/6/2024 11:57,73.2
3/6/2024 11:57,161
3/6/2024 11:57,155
3/6/2024 11:56,155
3/6/2024 11:56,96.6
3/6/2024 11:56,96.1
3/6/2024 11:56,156
3/6/2024 11:56,72.2
3/6/2024 11:56,155
3/6/2024 11:56,96.2
3/6/2024 11:56,155
3/6/2024 11:56,96.2
3/6/2024 11:56,156
3/6/2024 11:56,156
3/6/2024 11:56,156
3/6/2024 11:55,92.8
3/6/2024 11:55,156
3/6/2024 11:55,93.6
3/6/2024 11:55,155
3/6/2024 11:55,155
3/6/2024 11:55,155
3/6/2024 11:55,155
3/6/2024 11:55,94.9
3/6/2024 11:55,155
3/6/2024 11:55,155
3/6/2024 11:55,96.6
3/6/2024 11:55,155
3/6/2024 11:54,155
3/6/2024 11:54,155
3/6/2024 11:54,56.4
3/6/2024 11:54,56.8
3/6/2024 11:54,56.4
3/6/2024 11:54,56.4
3/6/2024 11:54,56.4
3/6/2024 11:54,56.4
3/6/2024 11:54,56.4
3/6/2024 11:54,60.9
3/6/2024 11:54,70.5
3/6/2024 11:53,70.4
3/6/2024 11:53,5.1
3/6/2024 11:53,5.71
3/6/2024 11:53,4.79
3/6/2024 11:53,70.8
3/6/2024 11:53,70.5
3/6/2024 11:53,70.5
3/6/2024 11:53,70.5
3/6/2024 11:53,70.5
3/6/2024 11:53,70.5
3/6/2024 11:53,70.5
3/6/2024 11:53,70.5
3/6/2024 11:52,70.5
3/6/2024 11:52,70.5
3/6/2024 11:52,70.6
3/6/2024 11:52,70.1
3/6/2024 11:52,70.1
3/6/2024 11:52,84.6
3/6/2024 11:52,70.1
3/6/2024 11:52,70.6
3/6/2024 11:52,70.6
3/6/2024 11:52,70.1
3/6/2024 11:52,47.9
3/6/2024 11:51,70.1
3/6/2024 11:51,71.1
3/6/2024 11:51,71.5
3/6/2024 11:51,71.2
3/6/2024 11:51,380
3/6/2024 11:51,301
3/6/2024 11:51,301
3/6/2024 11:51,301
3/6/2024 11:51,303
3/6/2024 11:51,302
3/6/2024 11:51,369
3/6/2024 11:51,301
3/6/2024 11:50,301
3/6/2024 11:50,302
3/6/2024 11:50,302
3/6/2024 11:50,302
3/6/2024 11:50,302
3/6/2024 11:50,302
3/6/2024 11:50,300
3/6/2024 11:50,299
3/6/2024 11:50,300
3/6/2024 11:50,302
3/6/2024 11:50,301
3/6/2024 11:49,302
3/6/2024 11:49,300
3/6/2024 11:49,301
3/6/2024 11:49,303
3/6/2024 11:49,302
3/6/2024 11:49,303
3/6/2024 11:49,301
3/6/2024 11:49,301
3/6/2024 11:49,302
3/6/2024 11:49,301
3/6/2024 11:49,301
3/6/2024 11:49,302
3/6/2024 11:48,55.3
3/6/2024 11:48,54.9
3/6/2024 11:48,305
3/6/2024 11:48,122
3/6/2024 11:48,124
3/6/2024 11:48,129
3/6/2024 11:48,384
3/6/2024 11:48,384
3/6/2024 11:48,386
3/6/2024 11:48,297
3/6/2024 11:48,364
3/6/2024 11:47,286
3/6/2024 11:47,29.6
3/6/2024 11:47,16.4
3/6/2024 11:47,16.1
3/6/2024 11:47,20.9
3/6/2024 11:47,15.8
3/6/2024 11:47,20.9
3/6/2024 11:47,17.4
3/6/2024 11:47,14.5
3/6/2024 11:47,14.8
3/6/2024 11:47,14.5
3/6/2024 11:46,28
3/6/2024 11:46,31.5
3/6/2024 11:46,17.7
3/6/2024 11:46,18
3/6/2024 11:46,42.1
3/6/2024 11:46,30.4
3/6/2024 11:46,25.8
3/6/2024 11:46,29.1
3/6/2024 11:46,23.5
3/6/2024 11:46,295
3/6/2024 11:46,295
3/6/2024 11:45,295
3/6/2024 11:45,295
3/6/2024 11:45,295
3/6/2024 11:45,296
3/6/2024 11:45,296
3/6/2024 11:45,296
3/6/2024 11:45,296
3/6/2024 11:45,295
3/6/2024 11:45,296
3/6/2024 11:45,296
3/6/2024 11:45,296
3/6/2024 11:45,294
3/6/2024 11:44,294
3/6/2024 11:44,295
3/6/2024 11:44,295
3/6/2024 11:44,294
3/6/2024 11:44,295
3/6/2024 11:44,294
3/6/2024 11:44,295
3/6/2024 11:44,295
3/6/2024 11:44,294
3/6/2024 11:44,294
3/6/2024 11:44,295
3/6/2024 11:43,295
3/6/2024 11:43,295
3/6/2024 11:43,295
3/6/2024 11:43,295
3/6/2024 11:43,295
3/6/2024 11:43,295
3/6/2024 11:43,295
3/6/2024 11:43,295
3/6/2024 11:43,295
3/6/2024 11:43,295
3/6/2024 11:43,295
3/6/2024 11:42,295
3/6/2024 11:42,295
3/6/2024 11:42,295
3/6/2024 11:42,295
3/6/2024 11:42,296
3/6/2024 11:42,296
3/6/2024 11:42,295
3/6/2024 11:42,296
3/6/2024 11:42,296
3/6/2024 11:42,296
3/6/2024 11:42,296
3/6/2024 11:42,296
3/6/2024 11:41,296
3/6/2024 11:41,296
3/6/2024 11:41,296
3/6/2024 11:41,297
3/6/2024 11:41,296
3/6/2024 11:41,297
3/6/2024 11:41,297
3/6/2024 11:41,296
3/6/2024 11:41,297
3/6/2024 11:41,296
3/6/2024 11:41,296
3/6/2024 11:40,298
3/6/2024 11:40,298
3/6/2024 11:40,297
3/6/2024 11:40,179
3/6/2024 11:40,179
3/6/2024 11:40,297
3/6/2024 11:40,298
3/6/2024 11:40,299
3/6/2024 11:40,298
3/6/2024 11:40,180
3/6/2024 11:39,180
3/6/2024 11:39,297
3/6/2024 11:39,297
3/6/2024 11:39,298
3/6/2024 11:39,297
3/6/2024 11:39,296
3/6/2024 11:39,296
3/6/2024 11:39,297
3/6/2024 11:39,297
3/6/2024 11:39,297
3/6/2024 11:39,297
3/6/2024 11:38,297
3/6/2024 11:38,299
3/6/2024 11:38,296
3/6/2024 11:38,296
3/6/2024 11:38,296
3/6/2024 11:38,296
3/6/2024 11:38,296
3/6/2024 11:38,296
3/6/2024 11:38,295
3/6/2024 11:38,9.2
3/6/2024 11:38,17.1
3/6/2024 11:37,34.5
3/6/2024 11:37,34.7
3/6/2024 11:37,34.7
3/6/2024 11:37,41.8
3/6/2024 11:37,36.1
3/6/2024 11:37,36.1
3/6/2024 11:37,35.4
3/6/2024 11:37,33
3/6/2024 11:37,34.8
3/6/2024 11:37,30.6
3/6/2024 11:37,33
3/6/2024 11:37,36.6
3/6/2024 11:36,30.6
3/6/2024 11:36,34.5
3/6/2024 11:36,32.2
3/6/2024 11:36,34
3/6/2024 11:36,32.7
3/6/2024 11:36,34.7
3/6/2024 11:36,35.7
3/6/2024 11:36,32.7
3/6/2024 11:36,40.5
3/6/2024 11:36,33.5
3/6/2024 11:35,33.5
3/6/2024 11:35,33.5
3/6/2024 11:35,33.8
3/6/2024 11:35,35.4
3/6/2024 11:35,35.4
3/6/2024 11:35,34.7
3/6/2024 11:35,36.8
3/6/2024 11:35,33
3/6/2024 11:35,35.2
3/6/2024 11:35,35.4
3/6/2024 11:34,34.7
3/6/2024 11:34,34.7
3/6/2024 11:34,40
3/6/2024 11:34,36.3
3/6/2024 11:34,35.7
3/6/2024 11:34,36.1
3/6/2024 11:34,34.7
3/6/2024 11:34,35.4
3/6/2024 11:34,5.1
3/6/2024 11:34,35
3/6/2024 11:34,36.8
3/6/2024 11:33,34.7
3/6/2024 11:33,36.6
3/6/2024 11:33,35.6
3/6/2024 11:33,34.7
3/6/2024 11:33,30.4
3/6/2024 11:33,33
3/6/2024 11:33,30.4
3/6/2024 11:33,171
3/6/2024 11:33,171
3/6/2024 11:33,170
3/6/2024 11:33,171
3/6/2024 11:33,171
3/6/2024 11:32,170
3/6/2024 11:32,169
3/6/2024 11:32,170
3/6/2024 11:32,169
3/6/2024 11:32,171
3/6/2024 11:32,167
3/6/2024 11:32,166
3/6/2024 11:32,296
3/6/2024 11:32,296
3/6/2024 11:32,296
3/6/2024 11:32,296
3/6/2024 11:31,297
3/6/2024 11:31,296
3/6/2024 11:31,295
3/6/2024 11:31,295
3/6/2024 11:31,300
3/6/2024 11:31,300
3/6/2024 11:31,300
3/6/2024 11:31,300
3/6/2024 11:31,300
3/6/2024 11:31,300
3/6/2024 11:31,300
3/6/2024 11:31,306
3/6/2024 11:30,308
3/6/2024 11:30,68.9
3/6/2024 11:30,314
3/6/2024 11:30,314
3/6/2024 11:30,313
3/6/2024 11:30,314
3/6/2024 11:30,311
3/6/2024 11:30,310
3/6/2024 11:30,313
3/6/2024 11:30,174
3/6/2024 11:30,28.6
3/6/2024 11:29,175
3/6/2024 11:29,131
3/6/2024 11:29,130
3/6/2024 11:29,130
3/6/2024 11:29,130
3/6/2024 11:29,128
3/6/2024 11:29,128
3/6/2024 11:29,181
3/6/2024 11:29,61.8
3/6/2024 11:29,59.8
3/6/2024 11:28,15.5
3/6/2024 11:28,46.2
3/6/2024 11:28,143
3/6/2024 11:28,148
3/6/2024 11:28,162
3/6/2024 11:28,174
3/6/2024 11:28,148
3/6/2024 11:28,148
3/6/2024 11:28,148
3/6/2024 11:28,365
3/6/2024 11:27,148
3/6/2024 11:27,147
3/6/2024 11:27,148
3/6/2024 11:27,147
3/6/2024 11:27,147
3/6/2024 11:27,147
3/6/2024 11:27,147
3/6/2024 11:27,148
3/6/2024 11:27,311
3/6/2024 11:27,304
3/6/2024 11:27,307
3/6/2024 11:26,305
3/6/2024 11:26,170
3/6/2024 11:26,171
3/6/2024 11:26,308
3/6/2024 11:26,301
3/6/2024 11:26,301
3/6/2024 11:26,301
3/6/2024 11:26,301
3/6/2024 11:25,302
3/6/2024 11:25,303
3/6/2024 11:25,309
3/6/2024 11:25,310
3/6/2024 11:25,312
3/6/2024 11:25,314
3/6/2024 11:25,132
3/6/2024 11:25,128
3/6/2024 11:25,123
3/6/2024 11:25,126
3/6/2024 11:25,125
3/6/2024 11:25,308
3/6/2024 11:24,310
3/6/2024 11:24,172
3/6/2024 11:24,129
3/6/2024 11:24,126
3/6/2024 11:24,127
3/6/2024 11:24,307
3/6/2024 11:24,170
3/6/2024 11:24,166
3/6/2024 11:24,174
3/6/2024 11:24,344
3/6/2024 11:24,310
3/6/2024 11:23,128
3/6/2024 11:23,126
3/6/2024 11:23,187
3/6/2024 11:23,137
3/6/2024 11:23,134
3/6/2024 11:23,138
3/6/2024 11:23,166
3/6/2024 11:23,301
3/6/2024 11:23,308
3/6/2024 11:23,306
3/6/2024 11:23,308
3/6/2024 11:22,310
3/6/2024 11:22,311
3/6/2024 11:22,165
3/6/2024 11:22,55.1
3/6/2024 11:22,52.5
3/6/2024 11:22,55
3/6/2024 11:22,21.5
3/6/2024 11:22,19.9
3/6/2024 11:22,18.7
3/6/2024 11:22,18.7
3/6/2024 11:22,17.7
3/6/2024 11:22,20.3
3/6/2024 11:21,17.4
3/6/2024 11:21,30.4
3/6/2024 11:21,67
3/6/2024 11:21,63.5
3/6/2024 11:21,23.5
3/6/2024 11:21,55.9
3/6/2024 11:21,54.9
3/6/2024 11:21,18
3/6/2024 11:21,55
3/6/2024 11:21,48.1
3/6/2024 11:21,41.2
3/6/2024 11:20,55
3/6/2024 11:20,44.9
3/6/2024 11:20,48.4
3/6/2024 11:20,51.6
3/6/2024 11:20,27.8
3/6/2024 11:20,28.8
3/6/2024 11:20,32.5
3/6/2024 11:20,12.1
3/6/2024 11:20,71.7
3/6/2024 11:20,232
3/6/2024 11:20,125
3/6/2024 11:20,99.5
3/6/2024 11:19,114
3/6/2024 11:19,101
3/6/2024 11:19,94.7
3/6/2024 11:19,89.2
3/6/2024 11:19,83.2
3/6/2024 11:19,76.5
3/6/2024 11:19,66.5
3/6/2024 11:19,55
3/6/2024 11:19,2.75
3/6/2024 11:19,2.75
3/6/2024 11:19,24.3
3/6/2024 11:19,24.6
3/6/2024 11:18,360
3/6/2024 11:18,64.9
3/6/2024 11:18,370
3/6/2024 11:18,21.2
3/6/2024 11:18,2.69
3/6/2024 11:18,2.48
3/6/2024 11:18,29.4
3/6/2024 11:18,20.6
3/6/2024 11:18,14.5
3/6/2024 11:18,3.04
3/6/2024 11:18,4.51
3/6/2024 11:17,26.4
3/6/2024 11:17,19.3
3/6/2024 11:17,14.2
3/6/2024 11:17,14.8
3/6/2024 11:17,29.9
3/6/2024 11:17,13.6
3/6/2024 11:17,10.1
3/6/2024 11:17,17.4
3/6/2024 11:17,31.9
3/6/2024 11:17,38.4
3/6/2024 11:17,18
3/6/2024 11:17,28.6
3/6/2024 11:16,19.3
3/6/2024 11:16,23.2
3/6/2024 11:16,45.4
3/6/2024 11:16,55.6
3/6/2024 11:16,28.3
3/6/2024 11:16,28.6
3/6/2024 11:16,79.7
3/6/2024 11:16,361
3/6/2024 11:16,394
3/6/2024 11:16,21.2
3/6/2024 11:15,46.6
3/6/2024 11:15,55
3/6/2024 11:15,30.4
3/6/2024 11:15,29.1
3/6/2024 11:15,53.4
3/6/2024 11:15,35
3/6/2024 11:15,29.1
3/6/2024 11:15,29.1
3/6/2024 11:15,35
3/6/2024 11:15,29.1
3/6/2024 11:15,29.1
3/6/2024 11:15,29.1
3/6/2024 11:14,29.1
3/6/2024 11:14,53
3/6/2024 11:14,29.1
3/6/2024 11:14,61.3
3/6/2024 11:14,35
3/6/2024 11:14,35
3/6/2024 11:14,53
3/6/2024 11:14,28.3
3/6/2024 11:14,29.1
3/6/2024 11:14,53
3/6/2024 11:14,35
3/6/2024 11:13,28.3
3/6/2024 11:13,29.1
3/6/2024 11:13,29.1
3/6/2024 11:13,35
3/6/2024 11:13,29.1
3/6/2024 11:13,89
3/6/2024 11:13,88.9
3/6/2024 11:13,35
3/6/2024 11:13,61
3/6/2024 11:13,29.1
3/6/2024 11:13,29.1
3/6/2024 11:13,35
3/6/2024 11:12,29.1
3/6/2024 11:12,35
3/6/2024 11:12,29.1
3/6/2024 11:12,29.1
3/6/2024 11:12,29.1
3/6/2024 11:12,35
3/6/2024 11:12,29.1
3/6/2024 11:12,35
3/6/2024 11:12,53.4
3/6/2024 11:12,35
3/6/2024 11:12,28.3
3/6/2024 11:12,35
3/6/2024 11:11,29.1
3/6/2024 11:11,29.1
3/6/2024 11:11,53.4
3/6/2024 11:11,35
3/6/2024 11:11,53
3/6/2024 11:11,29.1
3/6/2024 11:11,29.1
3/6/2024 11:11,35
3/6/2024 11:11,29.1
3/6/2024 11:11,53
3/6/2024 11:11,53
3/6/2024 11:10,53
3/6/2024 11:10,29.1
3/6/2024 11:10,29.1
3/6/2024 11:10,35
3/6/2024 11:10,29.1
3/6/2024 11:10,35
3/6/2024 11:09,29.1
3/6/2024 11:09,29.1
3/6/2024 11:09,53.4
3/6/2024 11:09,29.1
3/6/2024 11:09,29.1
3/6/2024 11:09,69.4
3/6/2024 11:09,53.4
3/6/2024 11:09,29.1
3/6/2024 11:09,28.6
3/6/2024 11:08,14.5
3/3/2024 16:10,18
3/3/2024 16:10,18
3/3/2024 16:10,18
3/3/2024 16:09,18
3/3/2024 16:09,18
3/3/2024 16:09,18
3/3/2024 16:09,18
3/3/2024 16:09,18
3/3/2024 16:09,16.7
3/3/2024 16:09,18
3/3/2024 16:09,18
3/3/2024 16:09,16.8
3/3/2024 16:09,35.9
3/3/2024 16:09,6.87
3/3/2024 16:09,6.85
3/3/2024 16:08,6.85
3/3/2024 16:08,6.85
3/3/2024 16:08,6.85
3/3/2024 16:08,6.85
3/3/2024 16:08,6.85
3/3/2024 16:08,6.85
3/3/2024 16:08,6.85
3/3/2024 16:08,6.85
3/3/2024 16:08,6.85
3/3/2024 16:08,6.85
3/3/2024 16:08,6.85
3/3/2024 16:07,6.85
3/3/2024 16:07,6.85
3/3/2024 16:07,6.85
3/3/2024 16:07,6.85
3/3/2024 16:07,6.85
3/3/2024 16:07,6.85
3/3/2024 16:07,6.85
3/3/2024 16:07,6.85
3/3/2024 16:07,6.85
3/3/2024 16:07,6.85
3/3/2024 16:07,6.85
3/3/2024 16:07,6.85
3/3/2024 16:06,6.85
3/3/2024 16:06,6.85
3/3/2024 16:06,6.85
3/3/2024 16:06,6.85
3/3/2024 16:06,6.85
3/3/2024 16:06,6.85
3/3/2024 16:06,6.85
3/3/2024 16:06,6.85
3/3/2024 16:06,6.85
3/3/2024 16:06,6.85
3/3/2024 16:06,6.85
3/3/2024 16:05,6.85
3/3/2024 16:05,6.85
3/3/2024 16:05,6.85
3/3/2024 16:05,6.85
3/3/2024 16:05,6.85
3/3/2024 16:05,8.31
3/3/2024 16:05,8.31
3/3/2024 16:05,9.2
3/3/2024 16:05,9.2
3/3/2024 16:05,9.2
3/3/2024 16:05,8.31
3/3/2024 16:05,7.45
3/3/2024 16:04,7.45
3/3/2024 16:04,7.45
3/3/2024 16:04,7.45
3/3/2024 16:04,5.68
3/3/2024 16:04,29.1
3/3/2024 16:04,29.1
3/3/2024 16:04,29.1
3/3/2024 16:04,29.1
3/3/2024 16:04,29.1
3/3/2024 16:04,29.1
3/3/2024 16:04,29.1
3/3/2024 16:03,29.1
3/3/2024 16:03,29.1
3/3/2024 16:03,29.1
3/3/2024 16:03,29.1
3/3/2024 16:03,29.1
3/3/2024 16:03,29.1
3/3/2024 16:03,27.8
3/3/2024 16:03,29.1
3/3/2024 16:03,29.1
3/3/2024 16:03,29.1
3/3/2024 16:03,25.8
3/3/2024 16:03,25.8
3/3/2024 16:02,28.3
3/3/2024 16:02,24.9
3/3/2024 16:02,25.8
3/3/2024 16:02,25.8
3/3/2024 16:02,25.8
3/3/2024 16:02,28.3
3/3/2024 16:02,16.8
3/3/2024 16:02,25.8
3/3/2024 16:02,25.8
3/3/2024 16:02,9.2
3/3/2024 16:02,9.18
3/3/2024 16:02,9.2
3/3/2024 16:01,9.2
3/3/2024 16:01,9.2
3/3/2024 16:01,9.2
3/3/2024 16:01,9.2
3/3/2024 16:01,7.45
3/3/2024 16:01,7.45
3/3/2024 16:01,7.45
3/3/2024 16:01,7.45
3/3/2024 16:01,7.45
3/3/2024 16:01,8.31
3/3/2024 16:01,8.33
3/3/2024 16:00,8.33
3/3/2024 16:00,8.33
3/3/2024 16:00,8.33
3/3/2024 16:00,8.33
3/3/2024 16:00,8.31
3/3/2024 16:00,8.33
3/3/2024 16:00,8.33
3/3/2024 16:00,9.2
3/3/2024 16:00,8.33
3/3/2024 16:00,9.2
3/3/2024 16:00,9.2
3/3/2024 16:00,9.2
3/3/2024 15:59,9.2
3/3/2024 15:59,9.18
3/3/2024 15:59,9.2
3/3/2024 15:59,9.2
3/3/2024 15:59,9.2
3/3/2024 15:59,8.31
3/3/2024 15:59,7.45
3/3/2024 15:59,8.31
3/3/2024 15:59,8.31
3/3/2024 15:59,8.33
3/3/2024 15:59,8.33
3/3/2024 15:59,7.45
3/3/2024 15:58,7.45
3/3/2024 15:58,8.31
3/3/2024 15:58,8.31
3/3/2024 15:58,8.33
3/3/2024 15:58,8.31
3/3/2024 15:58,8.31
3/3/2024 15:58,8.31
3/3/2024 15:58,8.31
3/3/2024 15:58,7.45
3/3/2024 15:58,6.55
3/3/2024 15:58,6.55
3/3/2024 15:57,6.58
3/3/2024 15:57,4.79
3/3/2024 15:57,6.55
3/3/2024 15:57,5.68
3/3/2024 15:57,5.68
3/3/2024 15:57,4.79
3/3/2024 15:57,5.68
3/3/2024 15:57,4.81
3/3/2024 15:57,4.79
3/3/2024 15:57,5.68
3/3/2024 15:57,5.68
3/3/2024 15:57,4.79
3/3/2024 15:56,4.81
3/3/2024 15:56,5.68
3/3/2024 15:56,5.68
3/3/2024 15:56,5.68
3/3/2024 15:56,5.68
3/3/2024 15:56,5.68
3/3/2024 15:56,4.81
3/3/2024 15:56,5.68
3/3/2024 15:56,5.68
3/3/2024 15:56,5.68
3/3/2024 15:56,5.68
3/3/2024 15:56,6.27
3/3/2024 15:55,6.27
3/3/2024 15:55,6.58
3/3/2024 15:55,6.55
3/3/2024 15:55,6.55
3/3/2024 15:55,6.55
3/3/2024 15:55,6.55
3/3/2024 15:55,6.55
3/3/2024 15:55,6.55
3/3/2024 15:55,6.55
3/3/2024 15:55,6.55
3/3/2024 15:55,6.58
3/3/2024 15:54,6.58
3/3/2024 15:54,6.58
3/3/2024 15:54,6.55
3/3/2024 15:54,6.58
3/3/2024 15:54,6.58
3/3/2024 15:54,6.58
3/3/2024 15:54,6.55
3/3/2024 15:54,6.55
3/3/2024 15:54,16.4
3/3/2024 15:54,15.5
3/3/2024 15:54,15.5
3/3/2024 15:54,15.5
3/3/2024 15:53,15.5
3/3/2024 15:53,15.5
3/3/2024 15:53,15.5
3/3/2024 15:53,15.5
3/3/2024 15:53,15.5
3/3/2024 15:53,15.5
3/3/2024 15:53,15.5
3/3/2024 15:53,15.5
3/3/2024 15:53,15.5
3/3/2024 15:53,15.5
3/3/2024 15:53,15.5
3/3/2024 15:52,15.5
3/3/2024 15:52,15.5
3/3/2024 15:52,15.5
3/3/2024 15:52,15.5
3/3/2024 15:52,15.5
3/3/2024 15:52,15.5
3/3/2024 15:52,15.5
3/3/2024 15:52,15.5
3/3/2024 15:52,15.5
3/3/2024 15:52,15.5
3/3/2024 15:52,15.5
3/3/2024 15:52,15.5
3/3/2024 15:51,15.5
3/3/2024 15:51,15.5
3/3/2024 15:51,15.5
3/3/2024 15:51,15.5
3/3/2024 15:51,15.5
3/3/2024 15:51,15.5
3/3/2024 15:51,15.5
3/3/2024 15:51,15.5
3/3/2024 15:51,15.5
3/3/2024 15:51,15.5
3/3/2024 15:51,15.5
3/3/2024 15:51,15.5
3/3/2024 15:50,15.5
3/3/2024 15:50,15.5
3/3/2024 15:50,15.5
3/3/2024 15:50,15.5
3/3/2024 15:50,15.5
3/3/2024 15:50,15.5
3/3/2024 15:50,15.5
3/3/2024 15:50,15.5
3/3/2024 15:50,15.5
3/3/2024 15:50,15.5
3/3/2024 15:50,15.5
3/3/2024 15:49,15.5
3/3/2024 15:49,15.5
3/3/2024 15:49,15.5
3/3/2024 15:49,15.5
3/3/2024 15:49,15.5
3/3/2024 15:49,15.5
3/3/2024 15:49,15.5
3/3/2024 15:49,15.5
3/3/2024 15:49,15.5
3/3/2024 15:49,15.5
3/3/2024 15:49,15.5
3/3/2024 15:49,15.5
3/3/2024 15:48,15.5
3/3/2024 15:48,15.5
3/3/2024 15:48,15.5
3/3/2024 15:48,15.5
3/3/2024 15:48,15.5
3/3/2024 15:48,15.5
3/3/2024 15:48,15.5
3/3/2024 15:48,15.5
3/3/2024 15:48,15.5
3/3/2024 15:48,15.5
3/3/2024 15:48,15.5
3/3/2024 15:48,15.5
3/3/2024 15:47,15.5
3/3/2024 15:47,15.5
3/3/2024 15:47,15.5
3/3/2024 15:47,15.5
3/3/2024 15:47,15.5
3/3/2024 15:47,15.5
3/3/2024 15:47,15.5
3/3/2024 15:47,15.5
3/3/2024 15:47,15.5
3/3/2024 15:47,15.5
3/3/2024 15:47,15.5
3/3/2024 15:46,15.5
3/3/2024 15:46,15.5
3/3/2024 15:46,15.5
3/3/2024 15:46,15.5
3/3/2024 15:46,15.5
3/3/2024 15:46,15.5
3/3/2024 15:46,15.5
3/3/2024 15:46,15.5
3/3/2024 15:46,15.5
3/3/2024 15:46,15.5
3/3/2024 15:46,15.5
3/3/2024 15:46,15.5
3/3/2024 15:45,15.5
3/3/2024 15:45,15.5
3/3/2024 15:45,15.5
3/3/2024 15:45,15.5
3/3/2024 15:45,15.5
3/3/2024 15:45,15.5
3/3/2024 15:45,15.5
3/3/2024 15:45,15.5
3/3/2024 15:45,15.5
3/3/2024 15:45,15.5
3/3/2024 15:45,15.5
3/3/2024 15:44,15.5
3/3/2024 15:44,15.5
3/3/2024 15:44,15.5
3/3/2024 15:44,15.5
3/3/2024 15:44,15.5
3/3/2024 15:44,15.5
3/3/2024 15:44,15.5
3/3/2024 15:44,15.5
3/3/2024 15:44,15.5
3/3/2024 15:44,15.5
3/3/2024 15:44,15.4
3/3/2024 15:44,15.5
3/3/2024 15:43,15.5
3/3/2024 15:43,15.5
3/3/2024 15:43,15.5
3/3/2024 15:43,15.5
3/3/2024 15:43,15.5
3/3/2024 15:43,15.5
3/3/2024 15:43,15.5
3/3/2024 15:43,15.5
3/3/2024 15:43,15.5
3/3/2024 15:43,15.5
3/3/2024 15:43,15.5
3/3/2024 15:43,15.5
3/3/2024 15:42,15.5
3/3/2024 15:42,15.5
3/3/2024 15:42,15.5
3/3/2024 15:42,15.5
3/3/2024 15:42,15.5
3/3/2024 15:42,15.5
3/3/2024 15:42,15.5
3/3/2024 15:42,15.5
3/3/2024 15:42,15.5
3/3/2024 15:42,15.5
3/3/2024 15:42,15.5
3/3/2024 15:41,15.5
3/3/2024 15:41,15.5
3/3/2024 15:41,15.5
3/3/2024 15:41,15.5
3/3/2024 15:41,15.5
3/3/2024 15:41,15.5
3/3/2024 15:41,15.5
3/3/2024 15:41,15.5
3/3/2024 15:41,15.5
3/3/2024 15:41,15.5
3/3/2024 15:41,15.5
3/3/2024 15:41,15.5
3/3/2024 15:40,15.5
3/3/2024 15:40,15.5
3/3/2024 15:40,15.5
3/3/2024 15:40,15.5
3/3/2024 15:40,15.5
3/3/2024 15:40,15.5
3/3/2024 15:40,15.5
3/3/2024 15:40,15.5
3/3/2024 15:40,15.5
3/3/2024 15:40,15.5
3/3/2024 15:40,15.5
3/3/2024 15:39,15.5
3/3/2024 15:39,15.5
3/3/2024 15:39,15.5
3/3/2024 15:39,15.5
3/3/2024 15:39,15.5
3/3/2024 15:39,15.5
3/3/2024 15:39,15.5
3/3/2024 15:39,15.5
3/3/2024 15:39,15.5
3/3/2024 15:39,15.5
3/3/2024 15:39,15.8
3/3/2024 15:39,16.8
3/3/2024 15:38,15.8
3/3/2024 15:38,15.5
3/3/2024 15:38,7.45
3/3/2024 15:38,7.45
3/3/2024 15:38,7.45
3/3/2024 15:38,6.58
3/3/2024 15:38,6.55
3/3/2024 15:38,6.58
3/3/2024 15:38,6.55
3/3/2024 15:38,6.58
3/3/2024 15:38,6.58
3/3/2024 15:38,6.58
3/3/2024 15:37,6.58
3/3/2024 15:37,6.55
3/3/2024 15:37,6.55
3/3/2024 15:37,6.55
3/3/2024 15:37,6.55
3/3/2024 15:37,6.58
3/3/2024 15:37,6.55
3/3/2024 15:37,6.58
3/3/2024 15:37,6.55
3/3/2024 15:37,6.58
3/3/2024 15:37,6.55
3/3/2024 15:36,6.55
3/3/2024 15:36,6.55
3/3/2024 15:36,6.58
3/3/2024 15:36,6.55
3/3/2024 15:36,6.58
3/3/2024 15:36,6.58
3/3/2024 15:36,6.55
3/3/2024 15:36,6.55
3/3/2024 15:36,6.58
3/3/2024 15:36,6.58
3/3/2024 15:36,6.58
3/3/2024 15:36,6.55
3/3/2024 15:35,6.58
3/3/2024 15:35,6.58
3/3/2024 15:35,6.55
3/3/2024 15:35,6.58
3/3/2024 15:35,6.58
3/3/2024 15:35,6.55
3/3/2024 15:35,6.58
3/3/2024 15:35,6.55
3/3/2024 15:35,6.55
3/3/2024 15:35,6.55
3/3/2024 15:35,6.55
3/3/2024 15:34,14.8
3/3/2024 15:34,15.2
3/3/2024 15:34,15.1
3/3/2024 15:34,15.2
3/3/2024 15:34,7.45
3/3/2024 15:34,7.45
3/3/2024 15:34,7.45
3/3/2024 15:34,7.45
3/3/2024 15:34,7.45
3/3/2024 15:34,7.45
3/3/2024 15:34,7.45
3/3/2024 15:34,7.45
3/3/2024 15:33,7.45
3/3/2024 15:33,7.45
3/3/2024 15:33,7.45
3/3/2024 15:33,7.45
3/3/2024 15:33,7.45
3/3/2024 15:33,7.45
3/3/2024 15:33,7.45
3/3/2024 15:33,7.45
3/3/2024 15:33,7.45
3/3/2024 15:33,7.45
3/3/2024 15:33,7.46
3/3/2024 15:33,7.45
3/3/2024 15:32,7.45
3/3/2024 15:32,7.45
3/3/2024 15:32,7.45
3/3/2024 15:32,7.45
3/3/2024 15:32,7.45
3/3/2024 15:32,7.45
3/3/2024 15:32,7.45
3/3/2024 15:32,7.45
3/3/2024 15:32,7.45
3/3/2024 15:32,15.2
3/3/2024 15:32,15.2
3/3/2024 15:31,15.2
3/3/2024 15:31,15.1
3/3/2024 15:31,15.2
3/3/2024 15:31,15.2
3/3/2024 15:31,6.58
3/3/2024 15:31,6.55
3/3/2024 15:31,6.55
3/3/2024 15:31,6.58
3/3/2024 15:31,6.55
3/3/2024 15:31,6.58
3/3/2024 15:31,6.58
3/3/2024 15:31,6.58
3/3/2024 15:30,6.58
3/3/2024 15:30,6.58
3/3/2024 15:30,6.55
3/3/2024 15:30,6.55
3/3/2024 15:30,6.58
3/3/2024 15:30,6.55
3/3/2024 15:30,6.58
3/3/2024 15:30,6.58
3/3/2024 15:30,6.55
3/3/2024 15:30,6.58
3/3/2024 15:30,6.58
3/3/2024 15:30,15.5
3/3/2024 15:29,15.2
3/3/2024 15:29,15.2
3/3/2024 15:29,15.1
3/3/2024 15:29,15.2
3/3/2024 15:29,15.2
3/3/2024 15:29,15.2
3/3/2024 15:29,16.1
3/3/2024 15:29,16.1
3/3/2024 15:29,16.1
3/3/2024 15:29,16.1
3/3/2024 15:29,16.1
3/3/2024 15:28,14.8
3/3/2024 15:28,14.8
3/3/2024 15:28,14.8
3/3/2024 15:28,14.8
3/3/2024 15:28,14.8
3/3/2024 15:28,14.8
3/3/2024 15:28,14.8
3/3/2024 15:28,14.8
3/3/2024 15:28,15.2
3/3/2024 15:28,15.2
3/3/2024 15:28,16.4
3/3/2024 15:28,16.4
3/3/2024 15:27,15.2
3/3/2024 15:27,16.4
3/3/2024 15:27,16.4
3/3/2024 15:27,15.2
3/3/2024 15:27,16.4
3/3/2024 15:27,15.2
3/3/2024 15:27,16.4
3/3/2024 15:27,16.4
3/3/2024 15:27,16.4
3/3/2024 15:27,16.4
3/3/2024 15:27,16.4
3/3/2024 15:27,16.4
3/3/2024 15:26,15.2
3/3/2024 15:26,15.1
3/3/2024 15:26,16.4
3/3/2024 15:26,16.4
3/3/2024 15:26,16.4
3/3/2024 15:26,16.4
3/3/2024 15:26,16.4
3/3/2024 15:26,16.4
3/3/2024 15:26,15.2
3/3/2024 15:26,16.4
3/3/2024 15:26,16.4
3/3/2024 15:25,16.5
3/3/2024 15:25,16.4
3/3/2024 15:25,16.4
3/3/2024 15:25,16.4
3/3/2024 15:25,16.4
3/3/2024 15:25,16.4
3/3/2024 15:25,16.4
3/3/2024 15:25,16.4
3/3/2024 15:25,16.4
3/3/2024 15:25,16.4
3/3/2024 15:25,16.4
3/3/2024 15:25,14.8
3/3/2024 15:24,14.8
3/3/2024 15:24,14.8
3/3/2024 15:24,14.8
3/3/2024 15:24,14.9
3/3/2024 15:24,14.8
3/3/2024 15:24,14.8
3/3/2024 15:24,14.8
3/3/2024 15:24,14.8
3/3/2024 15:24,14.8
3/3/2024 15:24,14.8
3/3/2024 15:24,14.8
3/3/2024 15:24,14.8
3/3/2024 15:23,14.8
3/3/2024 15:23,14.8
3/3/2024 15:23,14.8
3/3/2024 15:23,14.8
3/3/2024 15:23,14.8
3/3/2024 15:23,14.8
3/3/2024 15:23,14.8
3/3/2024 15:23,14.8
3/3/2024 15:23,14.8
3/3/2024 15:23,14.8
3/3/2024 15:23,14.8
3/3/2024 15:22,14.9
3/3/2024 15:22,14.8
3/3/2024 15:22,14.8
3/3/2024 15:22,14.8
3/3/2024 15:22,14.8
3/3/2024 15:22,15.5
3/3/2024 15:22,15.5
3/3/2024 15:22,15.5
3/3/2024 15:22,15.5
3/3/2024 15:22,15.5
3/3/2024 15:22,15.5
3/3/2024 15:22,15.5
3/3/2024 15:21,16.4
3/3/2024 15:21,15.2
3/3/2024 15:21,16.4
3/3/2024 15:21,16.4
3/3/2024 15:21,16.4
3/3/2024 15:21,16.4
3/3/2024 15:21,15.2
3/3/2024 15:21,15.1
3/3/2024 15:21,15.2
3/3/2024 15:21,15.2
3/3/2024 15:21,15.2
3/3/2024 15:20,15.2
3/3/2024 15:20,15.1
3/3/2024 15:20,15.2
3/3/2024 15:20,15.2
3/3/2024 15:20,15.2
3/3/2024 15:20,15.2
3/3/2024 15:20,15.2
3/3/2024 15:20,15.2
3/3/2024 15:20,15.2
3/3/2024 15:20,15.1
3/3/2024 15:20,15.2
3/3/2024 15:20,15.2
3/3/2024 15:19,15.2
3/3/2024 15:19,15.2
3/3/2024 15:19,15.2
3/3/2024 15:19,15.2
3/3/2024 15:19,15.2
3/3/2024 15:19,15.2
3/3/2024 15:19,15.1
3/3/2024 15:19,16.8
3/3/2024 15:19,16.7
3/3/2024 15:19,16.8
3/3/2024 15:19,16.8
3/3/2024 15:19,16.8
3/3/2024 15:18,16.7
3/3/2024 15:18,16.8
3/3/2024 15:18,16.7
3/3/2024 15:18,16.8
3/3/2024 15:18,16.7
3/3/2024 15:18,16.8
3/3/2024 15:18,16.8
3/3/2024 15:18,16.7
3/3/2024 15:18,16.7
3/3/2024 15:18,16.8
3/3/2024 15:18,16.7
3/3/2024 15:17,16.7
3/3/2024 15:17,16.7
3/3/2024 15:17,16.7
3/3/2024 15:17,16.7
3/3/2024 15:17,16.8
3/3/2024 15:17,16.8
3/3/2024 15:17,16.7
3/3/2024 15:17,16.7
3/3/2024 15:17,16.7
3/3/2024 15:17,16.8
3/3/2024 15:17,16.7
3/3/2024 15:17,16.7
3/3/2024 15:16,16.7
3/3/2024 15:16,16.7
3/3/2024 15:16,16.8
3/3/2024 15:16,16.8
3/3/2024 15:16,16.8
3/3/2024 15:16,16.8
3/3/2024 15:16,16.8
3/3/2024 15:16,16.7
3/3/2024 15:16,16.8
3/3/2024 15:16,16.7
3/3/2024 15:16,16.8
3/3/2024 15:16,16.7
3/3/2024 15:15,16.8
3/3/2024 15:15,16.8
3/3/2024 15:15,16.7
3/3/2024 15:15,16.8
3/3/2024 15:15,16.7
3/3/2024 15:15,16.7
3/3/2024 15:15,16.7
3/3/2024 15:15,16.7
3/3/2024 15:15,16.7
3/3/2024 15:15,16.7
3/3/2024 15:15,16.8
3/3/2024 15:14,16.8
3/3/2024 15:14,16.7
3/3/2024 15:14,16.7
3/3/2024 15:14,16.8
3/3/2024 15:14,16.7
3/3/2024 15:14,16.8
3/3/2024 15:14,16.7
3/3/2024 15:14,16.8
3/3/2024 15:14,16.8
3/3/2024 15:14,16.8
3/3/2024 15:14,16.8
3/3/2024 15:14,16.7
3/3/2024 15:13,16.8
3/3/2024 15:13,16.8
3/3/2024 15:13,16.7
3/3/2024 15:13,16.7
3/3/2024 15:13,16.8
3/3/2024 15:13,16.8
3/3/2024 15:13,16.8
3/3/2024 15:13,16.7
3/3/2024 15:13,16.7
3/3/2024 15:13,16.7
3/3/2024 15:13,16.8
3/3/2024 15:12,16.8
3/3/2024 15:12,16.8
3/3/2024 15:12,16.8
3/3/2024 15:12,16.8
3/3/2024 15:12,16.7
3/3/2024 15:12,16.8
3/3/2024 15:12,16.8
3/3/2024 15:12,16.7
3/3/2024 15:12,16.7
3/3/2024 15:12,16.8
3/3/2024 15:12,16.8
3/3/2024 15:12,16.8
3/3/2024 15:11,16.7
3/3/2024 15:11,17.7
3/3/2024 15:11,16.4
3/3/2024 15:11,16.4
3/3/2024 15:11,16.4
3/3/2024 15:11,16.4
3/3/2024 15:11,16.4
3/3/2024 15:11,16.8
3/3/2024 15:11,16.8
3/3/2024 15:11,16.8
3/3/2024 15:11,16.4
3/3/2024 15:11,16.4
3/3/2024 15:10,17.7
3/3/2024 15:10,16.8
3/3/2024 15:10,17.7
3/3/2024 15:10,16.8
3/3/2024 15:10,16.7
3/3/2024 15:10,16.8
3/3/2024 15:10,16.4
3/3/2024 15:10,16.4
3/3/2024 15:10,16.4
3/3/2024 15:10,17.7
3/3/2024 15:10,16.4
3/3/2024 15:09,16.4
3/3/2024 15:09,16.4
3/3/2024 15:09,16.4
3/3/2024 15:09,16.4
3/3/2024 15:09,16.8
3/3/2024 15:09,16.4
3/3/2024 15:09,16.8
3/3/2024 15:09,16.4
3/3/2024 15:09,16.4
3/3/2024 15:09,16.4
3/3/2024 15:09,16.4
3/3/2024 15:09,16.4
3/3/2024 15:08,16.4
3/3/2024 15:08,16.4
3/3/2024 15:08,16.4
3/3/2024 15:08,16.8
3/3/2024 15:08,16.4
3/3/2024 15:08,16.4
3/3/2024 15:08,16.4
3/3/2024 15:08,16.4
3/3/2024 15:08,16.4
3/3/2024 15:08,16.4
3/3/2024 15:08,16.4
3/3/2024 15:08,16.4
3/3/2024 15:07,16.4
3/3/2024 15:07,16.4
3/3/2024 15:07,16.4
3/3/2024 15:07,16.4
3/3/2024 15:07,16.4
3/3/2024 15:07,16.4
3/3/2024 15:07,16.4
3/3/2024 15:07,16.4
3/3/2024 15:07,16.4
3/3/2024 15:07,16.4
3/3/2024 15:07,16.4
3/3/2024 15:06,16.4
3/3/2024 15:06,16.4
3/3/2024 15:06,16.4
3/3/2024 15:06,16.4
3/3/2024 15:06,16.4
3/3/2024 15:06,16.4
3/3/2024 15:06,16.4
3/3/2024 15:06,16.4
3/3/2024 15:06,16.4
3/3/2024 15:06,16.4
3/3/2024 15:06,16.4
3/3/2024 15:06,16.4
3/3/2024 15:05,16.4
3/3/2024 15:05,16.4
3/3/2024 15:05,16.4
3/3/2024 15:05,16.4
3/3/2024 15:05,16.4
3/3/2024 15:05,16.4
3/3/2024 15:05,16.4
3/3/2024 15:05,16.4
3/3/2024 15:05,16.4
3/3/2024 15:05,16.4
3/3/2024 15:05,16.4
3/3/2024 15:04,16.4
3/3/2024 15:04,16.4
3/3/2024 15:04,16.4
3/3/2024 15:04,16.4
3/3/2024 15:04,16.4
3/3/2024 15:04,16.4
3/3/2024 15:04,16.4
3/3/2024 15:04,16.4
3/3/2024 15:04,16.4
3/3/2024 15:04,16.4
3/3/2024 15:04,16.4
3/3/2024 15:04,16.4
3/3/2024 15:03,16.4
3/3/2024 15:03,16.4
3/3/2024 15:03,16.4
3/3/2024 15:03,16.4
3/3/2024 15:03,16.8
3/3/2024 15:03,16.4
3/3/2024 15:03,16.4
3/3/2024 15:03,16.4
3/3/2024 15:03,16.4
3/3/2024 15:03,16.4
3/3/2024 15:03,16.4
3/3/2024 15:03,16.4
3/3/2024 15:02,16.4
3/3/2024 15:02,16.4
3/3/2024 15:02,16.4
3/3/2024 15:02,16.4
3/3/2024 15:02,16.4
3/3/2024 15:02,16.4
3/3/2024 15:02,16.4
3/3/2024 15:02,16.4
3/3/2024 15:02,16.4
3/3/2024 15:02,16.4
3/3/2024 15:02,16.4
3/3/2024 15:01,16.4
3/3/2024 15:01,16.4
3/3/2024 15:01,16.4
3/3/2024 15:01,16.4
3/3/2024 15:01,16.4
3/3/2024 15:01,16.4
3/3/2024 15:01,16.4
3/3/2024 15:01,16.4
3/3/2024 15:01,16.4
3/3/2024 15:01,16.4
3/3/2024 15:01,16.4
3/3/2024 15:01,16.4
3/3/2024 15:00,16.4
3/3/2024 15:00,16.4
3/3/2024 15:00,16.4
3/3/2024 15:00,16.4
3/3/2024 15:00,16.4
3/3/2024 15:00,16.4
3/3/2024 15:00,16.4
3/3/2024 15:00,16.4
3/3/2024 15:00,16.4
3/3/2024 15:00,16.4
3/3/2024 15:00,16.4
3/3/2024 14:59,16.4
3/3/2024 14:59,16.1
3/3/2024 14:59,16.4
3/3/2024 14:59,16.4
3/3/2024 14:59,16.4
3/3/2024 14:59,16.4
3/3/2024 14:59,15.1
3/3/2024 14:59,15.2
3/3/2024 14:59,15.2
3/3/2024 14:59,15.2
3/3/2024 14:59,16.4
3/3/2024 14:59,16.4
3/3/2024 14:58,15.1
3/3/2024 14:58,16.4
3/3/2024 14:58,16.4
3/3/2024 14:58,16.4
3/3/2024 14:58,16.4
3/3/2024 14:58,16.4
3/3/2024 14:58,16.4
3/3/2024 14:58,16.4
3/3/2024 14:58,16.4
3/3/2024 14:58,16.4
3/3/2024 14:58,16.4
3/3/2024 14:58,16.4
3/3/2024 14:57,16.4
3/3/2024 14:57,16.4
3/3/2024 14:57,16.4
3/3/2024 14:57,16.4
3/3/2024 14:57,16.4
3/3/2024 14:57,16.4
3/3/2024 14:57,16.4
3/3/2024 14:57,16.4
3/3/2024 14:57,15.8
3/3/2024 14:57,16.1
3/3/2024 14:57,16.1
3/3/2024 14:56,15.8
3/3/2024 14:56,15.8
3/3/2024 14:56,15.8
3/3/2024 14:56,15.8
3/3/2024 14:56,15.8
3/3/2024 14:56,15.8
3/3/2024 14:56,15.8
3/3/2024 14:56,15.8
3/3/2024 14:56,15.8
3/3/2024 14:56,15.8
3/3/2024 14:56,15.8
3/3/2024 14:56,15.8
3/3/2024 14:55,15.8
3/3/2024 14:55,15.8
3/3/2024 14:55,15.8
3/3/2024 14:55,15.8
3/3/2024 14:55,15.8
3/3/2024 14:55,15.8
3/3/2024 14:55,15.8
3/3/2024 14:55,15.8
3/3/2024 14:55,15.8
3/3/2024 14:55,15.8
3/3/2024 14:55,15.8
3/3/2024 14:54,15.8
3/3/2024 14:54,15.8
3/3/2024 14:54,15.8
3/3/2024 14:54,15.8
3/3/2024 14:54,15.5
3/3/2024 14:54,15.8
3/3/2024 14:54,15.5
3/3/2024 14:54,15.8
3/3/2024 14:54,15.5
3/3/2024 14:54,15.5
3/3/2024 14:54,15.5
3/3/2024 14:54,15.8
3/3/2024 14:53,15.8
3/3/2024 14:53,15.5
3/3/2024 14:53,15.8
3/3/2024 14:53,15.8
3/3/2024 14:53,15.8
3/3/2024 14:53,15.8
3/3/2024 14:53,16.7
3/3/2024 14:53,16.7
3/3/2024 14:53,16.7
3/3/2024 14:53,15.8
3/3/2024 14:53,15.8
3/3/2024 14:53,15.5
3/3/2024 14:52,15.8
3/3/2024 14:52,15.5
3/3/2024 14:52,15.5
3/3/2024 14:52,15.8
3/3/2024 14:52,15.8
3/3/2024 14:52,15.5
3/3/2024 14:52,15.8
3/3/2024 14:52,16.7
3/3/2024 14:52,15.8
3/3/2024 14:52,15.8
3/3/2024 14:52,15.8
3/3/2024 14:51,15.8
3/3/2024 14:51,15.8
3/3/2024 14:51,15.8
3/3/2024 14:51,15.8
3/3/2024 14:51,15.5
3/3/2024 14:51,15.8
3/3/2024 14:51,15.5
3/3/2024 14:51,15.5
3/3/2024 14:51,15.5
3/3/2024 14:51,15.8
3/3/2024 14:51,15.5
3/3/2024 14:51,16.7
3/3/2024 14:50,15.8
3/3/2024 14:50,15.8
3/3/2024 14:50,16.8
3/3/2024 14:50,15.8
3/3/2024 14:50,16.7
3/3/2024 14:50,15.5
3/3/2024 14:50,15.5
3/3/2024 14:50,15.5
3/3/2024 14:50,15.8
3/3/2024 14:50,15.8
3/3/2024 14:50,15.8
3/3/2024 14:50,15.8
3/3/2024 14:49,15.5
3/3/2024 14:49,15.8
3/3/2024 14:49,15.8
3/3/2024 14:49,15.5
3/3/2024 14:49,15.5
3/3/2024 14:49,15.5
3/3/2024 14:49,15.5
3/3/2024 14:49,15.5
3/3/2024 14:49,15.8
3/3/2024 14:49,16.7
3/3/2024 14:49,15.5
3/3/2024 14:48,15.5
3/3/2024 14:48,16.8
3/3/2024 14:48,15.2
3/3/2024 14:48,15.2
3/3/2024 14:48,6.58
3/3/2024 14:48,6.58
3/3/2024 14:48,6.58
3/3/2024 14:48,6.58
3/3/2024 14:48,6.55
3/3/2024 14:48,6.58
3/3/2024 14:48,6.55
3/3/2024 14:48,6.58
3/3/2024 14:47,6.58
3/3/2024 14:47,6.58
3/3/2024 14:47,6.58
3/3/2024 14:47,7.74
3/3/2024 14:47,6.87
3/3/2024 14:47,6.85
3/3/2024 14:47,6.85
3/3/2024 14:47,6.85
3/3/2024 14:47,6.85
3/3/2024 14:47,6.85
3/3/2024 14:47,6.85
3/3/2024 14:46,6.85
3/3/2024 14:46,6.85
3/3/2024 14:46,6.85
3/3/2024 14:46,6.85
3/3/2024 14:46,6.85
3/3/2024 14:46,6.85
3/3/2024 14:46,6.85
3/3/2024 14:46,6.58
3/3/2024 14:46,20.9
3/3/2024 14:46,21.2
3/3/2024 14:46,21.2
3/3/2024 14:46,21.2
3/3/2024 14:45,21.2
3/3/2024 14:45,21.2
3/3/2024 14:45,21.2
3/3/2024 14:45,21.2
3/3/2024 14:45,21.2
3/3/2024 14:45,21.2
3/3/2024 14:45,21.2
3/3/2024 14:45,21.2
3/3/2024 14:45,21.2
3/3/2024 14:45,21.2
3/3/2024 14:45,21.2
3/3/2024 14:45,21.2
3/3/2024 14:44,21.2
3/3/2024 14:44,21.2
3/3/2024 14:44,21.2
3/3/2024 14:44,21.2
3/3/2024 14:44,21.2
3/3/2024 14:44,21.2
3/3/2024 14:44,21.2
3/3/2024 14:44,21.2
3/3/2024 14:44,21.2
3/3/2024 14:44,21.2
3/3/2024 14:44,21.2
3/3/2024 14:43,21.2
3/3/2024 14:43,21.2
3/3/2024 14:43,21.2
3/3/2024 14:43,21.2
3/3/2024 14:43,21.2
3/3/2024 14:43,21.2
3/3/2024 14:43,21.2
3/3/2024 14:43,21.2
3/3/2024 14:43,21.2
3/3/2024 14:43,21.2
3/3/2024 14:43,21.2
3/3/2024 14:43,21.2
3/3/2024 14:42,21.2
3/3/2024 14:42,21.2
3/3/2024 14:42,21.2
3/3/2024 14:42,21.2
3/3/2024 14:42,21.2
3/3/2024 14:42,21.2
3/3/2024 14:42,21.2
3/3/2024 14:42,21.2
3/3/2024 14:42,21.2
3/3/2024 14:42,21.2
3/3/2024 14:42,21.2
3/3/2024 14:41,21.2
3/3/2024 14:41,21.2
3/3/2024 14:41,21.2
3/3/2024 14:41,21.2
3/3/2024 14:41,21.2
3/3/2024 14:41,21.2
3/3/2024 14:41,21.2
3/3/2024 14:41,21.2
3/3/2024 14:41,21.2
3/3/2024 14:41,21.2
3/3/2024 14:41,21.2
3/3/2024 14:41,21.2
3/3/2024 14:40,21.2
3/3/2024 14:40,21.2
3/3/2024 14:40,21.2
3/3/2024 14:40,21.2
3/3/2024 14:40,21.1
3/3/2024 14:40,21.2
3/3/2024 14:40,21.2
3/3/2024 14:40,21.2
3/3/2024 14:40,21.2
3/3/2024 14:40,21.2
3/3/2024 14:40,21.2
3/3/2024 14:39,21.2
3/3/2024 14:39,21.2
3/3/2024 14:39,21.2
3/3/2024 14:39,21.2
3/3/2024 14:39,21.2
3/3/2024 14:39,21.2
3/3/2024 14:39,21.2
3/3/2024 14:39,21.2
3/3/2024 14:39,21.2
3/3/2024 14:39,21.2
3/3/2024 14:39,21.2
3/3/2024 14:39,21.2
3/3/2024 14:38,21.2
3/3/2024 14:38,21.2
3/3/2024 14:38,21.2
3/3/2024 14:38,21.2
3/3/2024 14:38,21.2
3/3/2024 14:38,21.2
3/3/2024 14:38,21.2
3/3/2024 14:38,21.2
3/3/2024 14:38,21.2
3/3/2024 14:38,21.2
3/3/2024 14:38,21.2
3/3/2024 14:38,21.2
3/3/2024 14:37,21.2
3/3/2024 14:37,21.2
3/3/2024 14:37,21.2
3/3/2024 14:37,21.2
3/3/2024 14:37,21.2
3/3/2024 14:37,21.2
3/3/2024 14:37,21.2
3/3/2024 14:37,21.2
3/3/2024 14:37,21.2
3/3/2024 14:37,21.2
3/3/2024 14:37,21.2
3/3/2024 14:36,21.2
3/3/2024 14:36,21.2
3/3/2024 14:36,21.2
3/3/2024 14:36,21.2
3/3/2024 14:36,21.2
3/3/2024 14:36,21.2
3/3/2024 14:36,21.2
3/3/2024 14:36,21.2
3/3/2024 14:36,21.2
3/3/2024 14:36,21.2
3/3/2024 14:36,21.2
3/3/2024 14:36,21.2
3/3/2024 14:35,21.2
3/3/2024 14:35,21.2
3/3/2024 14:35,21.2
3/3/2024 14:35,21.2
3/3/2024 14:35,21.2
3/3/2024 14:35,21.2
3/3/2024 14:35,21.2
3/3/2024 14:35,21.2
3/3/2024 14:35,21.2
3/3/2024 14:35,21.2
3/3/2024 14:35,21.2
3/3/2024 14:34,21.2
3/3/2024 14:34,21.2
3/3/2024 14:34,21.2
3/3/2024 14:34,21.2
3/3/2024 14:34,21.2
3/3/2024 14:34,21.2
3/3/2024 14:34,21.2
3/3/2024 14:34,21.2
3/3/2024 14:34,21.2
3/3/2024 14:34,21.2
3/3/2024 14:34,21.2
3/3/2024 14:34,21.2
3/3/2024 14:33,21.2
3/3/2024 14:33,21.2
3/3/2024 14:33,21.2
3/3/2024 14:33,21.2
3/3/2024 14:33,21.2
3/3/2024 14:33,21.2
3/3/2024 14:33,21.2
3/3/2024 14:33,21.2
3/3/2024 14:33,21.2
3/3/2024 14:33,21.2
3/3/2024 14:33,21.2
3/3/2024 14:32,21.2
3/3/2024 14:32,21.2
3/3/2024 14:32,21.2
3/3/2024 14:32,21.2
3/3/2024 14:32,21.2
3/3/2024 14:32,21.2
3/3/2024 14:32,21.2
3/3/2024 14:32,21.2
3/3/2024 14:32,21.2
3/3/2024 14:32,21.2
3/3/2024 14:32,21.2
3/3/2024 14:32,21.2
3/3/2024 14:31,21.2
3/3/2024 14:31,21.2
3/3/2024 14:31,21.2
3/3/2024 14:31,21.2
3/3/2024 14:31,21.2
3/3/2024 14:31,21.2
3/3/2024 14:31,21.2
3/3/2024 14:31,21.2
3/3/2024 14:31,21.2
3/3/2024 14:31,21.2
3/3/2024 14:31,21.2
3/3/2024 14:31,21.2
3/3/2024 14:30,21.2
3/3/2024 14:30,21.2
3/3/2024 14:30,21.2
3/3/2024 14:30,21.2
3/3/2024 14:30,21.2
3/3/2024 14:30,21.2
3/3/2024 14:30,21.2
3/3/2024 14:30,21.2
3/3/2024 14:30,21.2
3/3/2024 14:30,21.2
3/3/2024 14:30,21.2
3/3/2024 14:29,21.2
3/3/2024 14:29,21.2
3/3/2024 14:29,21.2
3/3/2024 14:29,21.2
3/3/2024 14:29,21.2
3/3/2024 14:29,21.2
3/3/2024 14:29,21.2
3/3/2024 14:29,21.2
3/3/2024 14:29,21.2
3/3/2024 14:29,21.2
3/3/2024 14:29,21.2
3/3/2024 14:29,21.2
3/3/2024 14:28,21.2
3/3/2024 14:28,21.2
3/3/2024 14:28,21.2
3/3/2024 14:28,21.2
3/3/2024 14:28,21.2
3/3/2024 14:28,21.2
3/3/2024 14:28,21.2
3/3/2024 14:28,21.2
3/3/2024 14:28,21.2
3/3/2024 14:28,21.2
3/3/2024 14:28,21.2
3/3/2024 14:27,21.2
3/3/2024 14:27,21.2
3/3/2024 14:27,21.2
3/3/2024 14:27,21.2
3/3/2024 14:27,21.2
3/3/2024 14:27,21.2
3/3/2024 14:27,21.2
3/3/2024 14:27,21.2
3/3/2024 14:27,21.2
3/3/2024 14:27,21.2
3/3/2024 14:27,21.2
3/3/2024 14:27,21.2
3/3/2024 14:26,21.2
3/3/2024 14:26,21.2
3/3/2024 14:26,21.2
3/3/2024 14:26,21.2
3/3/2024 14:26,21.2
3/3/2024 14:26,21.2
3/3/2024 14:26,21.2
3/3/2024 14:26,21.2
3/3/2024 14:26,21.2
3/3/2024 14:26,21.2
3/3/2024 14:26,21.2
3/3/2024 14:26,21.2
3/3/2024 14:25,21.2
3/3/2024 14:25,21.2
3/3/2024 14:25,21.2
3/3/2024 14:25,21.2
3/3/2024 14:25,21.2
3/3/2024 14:25,21.2
3/3/2024 14:25,21.2
3/3/2024 14:25,21.2
3/3/2024 14:25,21.2
3/3/2024 14:25,21.2
3/3/2024 14:25,21.2
3/3/2024 14:24,21.2
3/3/2024 14:24,21.2
3/3/2024 14:24,21.2
3/3/2024 14:24,21.2
3/3/2024 14:24,21.2
3/3/2024 14:24,21.2
3/3/2024 14:24,21.2
3/3/2024 14:24,21.2
3/3/2024 14:24,21.2
3/3/2024 14:24,21.2
3/3/2024 14:24,21.2
3/3/2024 14:24,21.2
3/3/2024 14:23,21.2
3/3/2024 14:23,21.2
3/3/2024 14:23,21.2
3/3/2024 14:23,21.2
3/3/2024 14:23,21.2
3/3/2024 14:23,21.2
3/3/2024 14:23,21.2
3/3/2024 14:23,21.2
3/3/2024 14:23,21.2
3/3/2024 14:23,21.2
3/3/2024 14:23,21.2
3/3/2024 14:22,21.2
3/3/2024 14:22,21.2
3/3/2024 14:22,21.2
3/3/2024 14:22,21.2
3/3/2024 14:22,21.2
3/3/2024 14:22,21.2
3/3/2024 14:22,21.2
3/3/2024 14:22,21.2
3/3/2024 14:22,21.2
3/3/2024 14:22,21.2
3/3/2024 14:22,21.2
3/3/2024 14:22,21.2
3/3/2024 14:21,21.1
3/3/2024 14:21,21.2
3/3/2024 14:21,21.2
3/3/2024 14:21,21.2
3/3/2024 14:21,21.2
3/3/2024 14:21,21.1
3/3/2024 14:21,21.2
3/3/2024 14:21,21.2
3/3/2024 14:21,21.2
3/3/2024 14:21,21.2
3/3/2024 14:21,21.2
3/3/2024 14:21,21.2
3/3/2024 14:20,21.2
3/3/2024 14:20,21.2
3/3/2024 14:20,21.2
3/3/2024 14:20,21.2
3/3/2024 14:20,21.2
3/3/2024 14:20,21.2
3/3/2024 14:20,21.2
3/3/2024 14:20,21.2
3/3/2024 14:20,21.2
3/3/2024 14:20,21.2
3/3/2024 14:20,21.2
3/3/2024 14:19,21.2
3/3/2024 14:19,21.2
3/3/2024 14:19,21.2
3/3/2024 14:19,21.2
3/3/2024 14:19,21.2
3/3/2024 14:19,21.2
3/3/2024 14:19,21.2
3/3/2024 14:19,21.2
3/3/2024 14:19,21.2
3/3/2024 14:19,21.2
3/3/2024 14:19,21.2
3/3/2024 14:19,21.2
3/3/2024 14:18,21.2
3/3/2024 14:18,21.2
3/3/2024 14:18,21.2
3/3/2024 14:18,21.2
3/3/2024 14:18,21.2
3/3/2024 14:18,21.2
3/3/2024 14:18,21.2
3/3/2024 14:18,21.2
3/3/2024 14:18,21.2
3/3/2024 14:18,21.2
3/3/2024 14:18,21.2
3/3/2024 14:17,21.2
3/3/2024 14:17,21.2
3/3/2024 14:17,21.2
3/3/2024 14:17,21.2
3/3/2024 14:17,21.2
3/3/2024 14:17,21.2
3/3/2024 14:17,21.2
3/3/2024 14:17,21.2
3/3/2024 14:17,21.2
3/3/2024 14:17,21.2
3/3/2024 14:17,21.2
3/3/2024 14:17,21.2
3/3/2024 14:16,21.2
3/3/2024 14:16,21.2
3/3/2024 14:16,21.2
3/3/2024 14:16,21.2
3/3/2024 14:16,21.2
3/3/2024 14:16,21.2
3/3/2024 14:16,21.2
3/3/2024 14:16,21.2
3/3/2024 14:16,21.2
3/3/2024 14:16,21.2
3/3/2024 14:16,21.2
3/3/2024 14:16,21.2
3/3/2024 14:15,21.2
3/3/2024 14:15,21.2
3/3/2024 14:15,21.2
3/3/2024 14:15,21.2
3/3/2024 14:15,21.2
3/3/2024 14:15,21.2
3/3/2024 14:15,21.2
3/3/2024 14:15,21.2
3/3/2024 14:15,21.2
3/3/2024 14:15,21.2
3/3/2024 14:15,21.2
3/3/2024 14:14,21.2
3/3/2024 14:14,21.2
3/3/2024 14:14,21.2
3/3/2024 14:14,21.2
3/3/2024 14:14,21.2
3/3/2024 14:14,21.2
3/3/2024 14:14,21.2
3/3/2024 14:14,21.2
3/3/2024 14:14,21.2
3/3/2024 14:14,21.2
3/3/2024 14:14,21.2
3/3/2024 14:14,21.2
3/3/2024 14:13,21.2
3/3/2024 14:13,21.2
3/3/2024 14:13,21.2
3/3/2024 14:13,21.2
3/3/2024 14:13,21.2
3/3/2024 14:13,21.2
3/3/2024 14:13,21.2
3/3/2024 14:13,21.2
3/3/2024 14:13,21.2
3/3/2024 14:13,21.2
3/3/2024 14:13,21.2
3/3/2024 14:12,21.2
3/3/2024 14:12,21.2
3/3/2024 14:12,21.2
3/3/2024 14:12,21.2
3/3/2024 14:12,21.2
3/3/2024 14:12,21.2
3/3/2024 14:12,21.2
3/3/2024 14:12,21.2
3/3/2024 14:12,21.2
3/3/2024 14:12,21.2
3/3/2024 14:12,21.2
3/3/2024 14:12,21.2
3/3/2024 14:11,21.2
3/3/2024 14:11,21.2
3/3/2024 14:11,21.2
3/3/2024 14:11,21.2
3/3/2024 14:11,21.2
3/3/2024 14:11,21.1
3/3/2024 14:11,21.2
3/3/2024 14:11,21.2
3/3/2024 14:11,21.2
3/3/2024 14:11,21.2
3/3/2024 14:11,21.2
3/3/2024 14:11,21.2
3/3/2024 14:10,21.2
3/3/2024 14:10,21.2
3/3/2024 14:10,21.2
3/3/2024 14:10,21.2
3/3/2024 14:10,21.2
3/3/2024 14:10,21.2
3/3/2024 14:10,21.2
3/3/2024 14:10,21.2
3/3/2024 14:10,21.2
3/3/2024 14:10,21.2
3/3/2024 14:10,21.2
3/3/2024 14:09,21.2
3/3/2024 14:09,21.2
3/3/2024 14:09,21.2
3/3/2024 14:09,21.2
3/3/2024 14:09,21.2
3/3/2024 14:09,21.2
3/3/2024 14:09,21.2
3/3/2024 14:09,21.2
3/3/2024 14:09,21.2
3/3/2024 14:09,21.2
3/3/2024 14:09,21.2
3/3/2024 14:09,21.2
3/3/2024 14:08,21.2
3/3/2024 14:08,21.2
3/3/2024 14:08,21.2
3/3/2024 14:08,21.2
3/3/2024 14:08,21.2
3/3/2024 14:08,21.2
3/3/2024 14:08,21.2
3/3/2024 14:08,21.2
3/3/2024 14:08,21.2
3/3/2024 14:08,21.2
3/3/2024 14:08,21.2
3/3/2024 14:07,21.2
3/3/2024 14:07,21.2
3/3/2024 14:07,21.2
3/3/2024 14:07,21.2
3/3/2024 14:07,21.2
3/3/2024 14:07,21.2
3/3/2024 14:07,21.2
3/3/2024 14:07,21.2
3/3/2024 14:07,21.2
3/3/2024 14:07,21.2
3/3/2024 14:07,21.2
3/3/2024 14:07,21.2
3/3/2024 14:06,21.2
3/3/2024 14:06,21.2
3/3/2024 14:06,21.2
3/3/2024 14:06,21.2
3/3/2024 14:06,21.1
3/3/2024 14:06,21.2
3/3/2024 14:06,21.2
3/3/2024 14:06,21.2
3/3/2024 14:06,21.2
3/3/2024 14:06,21.2
3/3/2024 14:06,21.2
3/3/2024 14:05,21.2
3/3/2024 14:05,21.2
3/3/2024 14:05,21.2
3/3/2024 14:05,21.2
3/3/2024 14:05,21.2
3/3/2024 14:05,21.2
3/3/2024 14:05,21.2
3/3/2024 14:05,21.2
3/3/2024 14:05,21.2
3/3/2024 14:05,21.2
3/3/2024 14:05,21.2
3/3/2024 14:05,21.2
3/3/2024 14:04,21.2
3/3/2024 14:04,21.2
3/3/2024 14:04,21.2
3/3/2024 14:04,21.2
3/3/2024 14:04,21.2
3/3/2024 14:04,21.2
3/3/2024 14:04,21.2
3/3/2024 14:04,21.2
3/3/2024 14:04,21.2
3/3/2024 14:04,21.2
3/3/2024 14:04,21.2
3/3/2024 14:04,21.2
3/3/2024 14:03,21.2
3/3/2024 14:03,21.2
3/3/2024 14:03,21.2
3/3/2024 14:03,21.2
3/3/2024 14:03,21.2
3/3/2024 14:03,21.2
3/3/2024 14:03,21.2
3/3/2024 14:03,21.2
3/3/2024 14:03,21.2
3/3/2024 14:03,21.2
3/3/2024 14:03,21.2
3/3/2024 14:02,21.2
3/3/2024 14:02,21.2
3/3/2024 14:02,21.2
3/3/2024 14:02,21.2
3/3/2024 14:02,21.2
3/3/2024 14:02,21.2
3/3/2024 14:02,21.2
3/3/2024 14:02,21.2
3/3/2024 14:02,21.2
3/3/2024 14:02,21.2
3/3/2024 14:02,21.2
3/3/2024 14:02,21.2
3/3/2024 14:01,21.2
3/3/2024 14:01,21.2
3/3/2024 14:01,21.2
3/3/2024 14:01,21.2
3/3/2024 14:01,21.2
3/3/2024 14:01,21.2
3/3/2024 14:01,21.2
3/3/2024 14:01,21.2
3/3/2024 14:01,21.2
3/3/2024 14:01,21.2
3/3/2024 14:01,21.2
3/3/2024 14:00,21.2
3/3/2024 14:00,21.2
3/3/2024 14:00,21.2
3/3/2024 14:00,21.2
3/3/2024 14:00,21.2
3/3/2024 14:00,21.2
3/3/2024 14:00,21.2
3/3/2024 14:00,21.2
3/3/2024 14:00,21.2
3/3/2024 14:00,21.2
3/3/2024 14:00,21.2
3/3/2024 14:00,21.2
3/3/2024 13:59,21.2
3/3/2024 13:59,21.2
3/3/2024 13:59,21.2
3/3/2024 13:59,21.2
3/3/2024 13:59,21.2
3/3/2024 13:59,21.2
3/3/2024 13:59,21.2
3/3/2024 13:59,21.2
3/3/2024 13:59,21.2
3/3/2024 13:59,21.2
3/3/2024 13:59,21.2
3/3/2024 13:59,21.2
3/3/2024 13:58,21.2
3/3/2024 13:58,21.2
3/3/2024 13:58,21.2
3/3/2024 13:58,21.2
3/3/2024 13:58,21.2
3/3/2024 13:58,21.2
3/3/2024 13:58,21.2
3/3/2024 13:58,21.2
3/3/2024 13:58,21.2
3/3/2024 13:58,21.2
3/3/2024 13:58,21.2
3/3/2024 13:57,21.2
3/3/2024 13:57,21.2
3/3/2024 13:57,21.2
3/3/2024 13:57,21.2
3/3/2024 13:57,21.2
3/3/2024 13:57,21.2
3/3/2024 13:57,21.2
3/3/2024 13:57,21.2
3/3/2024 13:57,21.2
3/3/2024 13:57,21.2
3/3/2024 13:57,21.2
3/3/2024 13:57,21.2
3/3/2024 13:56,21.2
3/3/2024 13:56,21.2
3/3/2024 13:56,21.2
3/3/2024 13:56,21.2
3/3/2024 13:56,21.2
3/3/2024 13:56,21.2
3/3/2024 13:56,21.2
3/3/2024 13:56,21.2
3/3/2024 13:56,21.2
3/3/2024 13:56,21.2
3/3/2024 13:56,21.2
3/3/2024 13:55,21.2
3/3/2024 13:55,21.2
3/3/2024 13:55,21.2
3/3/2024 13:55,14.5
3/3/2024 13:55,14.5
3/3/2024 13:55,20.6
3/3/2024 13:55,14.6
3/3/2024 13:55,20.6
3/3/2024 13:55,20.6
3/3/2024 13:55,20.6
3/3/2024 13:55,20.6
3/3/2024 13:55,20.6
3/3/2024 13:54,20.6
3/3/2024 13:54,20.6
3/3/2024 13:54,20.6
3/3/2024 13:54,20.6
3/3/2024 13:54,20.6
3/3/2024 13:54,20.6
3/3/2024 13:54,20.6
3/3/2024 13:54,20.6
3/3/2024 13:54,20.6
3/3/2024 13:54,20.6
3/3/2024 13:54,20.6
3/3/2024 13:54,20.6
3/3/2024 13:53,20.6
3/3/2024 13:53,20.6
3/3/2024 13:53,20.6
3/3/2024 13:53,20.6
3/3/2024 13:53,20.6
3/3/2024 13:53,20.6
3/3/2024 13:53,20.6
3/3/2024 13:53,20.6
3/3/2024 13:53,20.6
3/3/2024 13:53,20.6
3/3/2024 13:53,20.6
3/3/2024 13:52,20.6
3/3/2024 13:52,20.6
3/3/2024 13:52,20.6
3/3/2024 13:52,20.6
3/3/2024 13:52,20.6
3/3/2024 13:52,20.6
3/3/2024 13:52,20.6
3/3/2024 13:52,20.6
3/3/2024 13:52,20.6
3/3/2024 13:52,20.6
3/3/2024 13:52,20.3
3/3/2024 13:52,21.2
3/3/2024 13:51,21.2
3/3/2024 13:51,21.2
3/3/2024 13:51,21.2
3/3/2024 13:51,21.2
3/3/2024 13:51,20.3
3/3/2024 13:51,21.2
3/3/2024 13:51,20.3
3/3/2024 13:51,21.2
3/3/2024 13:51,21.2
3/3/2024 13:51,21.2
3/3/2024 13:51,21.2
3/3/2024 13:51,21.2
3/3/2024 13:50,21.2
3/3/2024 13:50,21.2
3/3/2024 13:50,21.2
3/3/2024 13:50,20.3
3/3/2024 13:50,21.2
3/3/2024 13:50,21.2
3/3/2024 13:50,21.2
3/3/2024 13:50,21.2
3/3/2024 13:50,21.2
3/3/2024 13:50,21.2
3/3/2024 13:50,21.2
3/3/2024 13:49,21.2
3/3/2024 13:49,21.2
3/3/2024 13:49,20.3
3/3/2024 13:49,21.2
3/3/2024 13:49,21.2
3/3/2024 13:49,21.2
3/3/2024 13:49,21.2
3/3/2024 13:49,21.2
3/3/2024 13:49,21.2
3/3/2024 13:49,21.2
3/3/2024 13:49,21.2
3/3/2024 13:49,21.2
3/3/2024 13:48,21.1
3/3/2024 13:48,21.2
3/3/2024 13:48,21.2
3/3/2024 13:48,21.2
3/3/2024 13:48,21.2
3/3/2024 13:48,21.2
3/3/2024 13:48,21.2
3/3/2024 13:48,21.2
3/3/2024 13:48,21.2
3/3/2024 13:48,21.2
3/3/2024 13:48,21.2
3/3/2024 13:48,21.2
3/3/2024 13:47,21.2
3/3/2024 13:47,21.2
3/3/2024 13:47,21.2
3/3/2024 13:47,21.2
3/3/2024 13:47,21.2
3/3/2024 13:47,21.2
3/3/2024 13:47,21.2
3/3/2024 13:47,21.2
3/3/2024 13:47,21.2
3/3/2024 13:47,21.2
3/3/2024 13:47,21.2
3/3/2024 13:46,21.2
3/3/2024 13:46,21.2
3/3/2024 13:46,21.2
3/3/2024 13:46,21.2
3/3/2024 13:46,21.2
3/3/2024 13:46,21.2
3/3/2024 13:46,21.2
3/3/2024 13:46,21.2
3/3/2024 13:46,21.2
3/3/2024 13:46,21.2
3/3/2024 13:46,21.2
3/3/2024 13:46,21.2
3/3/2024 13:45,21.2
3/3/2024 13:45,21.2
3/3/2024 13:45,21.2
3/3/2024 13:45,21.2
3/3/2024 13:45,21.2
3/3/2024 13:45,21.2
3/3/2024 13:45,21.2
3/3/2024 13:45,21.2
3/3/2024 13:45,21.2
3/3/2024 13:45,21.1
3/3/2024 13:45,21.2
3/3/2024 13:45,21.2
3/3/2024 13:44,21.2
3/3/2024 13:38,6.58
3/3/2024 13:38,6.58
3/3/2024 13:38,6.58
3/3/2024 13:38,6.55
3/3/2024 13:37,6.55
3/3/2024 13:37,6.55
3/3/2024 13:37,6.58
3/3/2024 13:37,6.55
3/3/2024 13:37,6.55
3/3/2024 13:37,6.55
3/3/2024 13:37,6.55
3/3/2024 13:37,6.55
3/3/2024 13:37,6.58
3/3/2024 13:37,6.58
3/3/2024 13:37,6.55
3/3/2024 13:36,6.58
3/3/2024 13:36,6.55
3/3/2024 13:36,6.58
3/3/2024 13:36,6.55
3/3/2024 13:36,6.55
3/3/2024 13:36,29.6
3/3/2024 13:36,24.6
3/3/2024 13:36,21.5
3/3/2024 13:36,21.5
3/3/2024 13:36,21.5
3/3/2024 13:36,21.5
3/3/2024 13:36,21.5
3/3/2024 13:35,24.6
3/3/2024 13:35,21.5
3/3/2024 13:35,21.5
3/3/2024 13:35,20.2
3/3/2024 13:35,21.2
3/3/2024 13:35,19.9
3/3/2024 13:35,19.9
3/3/2024 13:35,25.8
3/3/2024 13:35,20.9
3/3/2024 13:35,25.8
3/3/2024 13:35,20.9
3/3/2024 13:35,26.7
3/3/2024 13:34,21.8
3/3/2024 13:34,21.8
3/3/2024 13:34,20.9
3/3/2024 13:34,20.6
3/3/2024 13:34,20.6
3/3/2024 13:34,26.7
3/3/2024 13:34,20.6
3/3/2024 13:34,21.2
3/3/2024 13:34,21.2
3/3/2024 13:34,21.2
3/3/2024 13:34,21.2
3/3/2024 13:33,21.2
3/3/2024 13:33,21.2
3/3/2024 13:33,21.2
3/3/2024 13:33,21.2
3/3/2024 13:33,20.9
3/3/2024 13:33,25.8
3/3/2024 13:33,25.8
3/3/2024 13:33,26.6
3/3/2024 13:33,20.9
3/3/2024 13:33,26.6
3/3/2024 13:33,21.8
3/3/2024 13:33,25.8
3/3/2024 13:32,25.8
3/3/2024 13:32,25.8
3/3/2024 13:32,20.9
3/3/2024 13:32,25.8
3/3/2024 13:32,20.9
3/3/2024 13:32,26.7
3/3/2024 13:32,26.6
3/3/2024 13:32,20.9
3/3/2024 13:32,25.8
3/3/2024 13:32,26.7
3/3/2024 13:32,21.5
3/3/2024 13:32,22.6
3/3/2024 13:31,22.6
3/3/2024 13:31,22.6
3/3/2024 13:31,22.6
3/3/2024 13:31,22.6
3/3/2024 13:31,22.6
3/3/2024 13:31,22.6
3/3/2024 13:31,22.6
3/3/2024 13:31,22.6
3/3/2024 13:31,22.6
3/3/2024 13:31,23.5
3/3/2024 13:31,22.6
3/3/2024 13:30,22.6
3/3/2024 13:30,22.6
3/3/2024 13:30,22.6
3/3/2024 13:30,22.6
3/3/2024 13:30,22.6
3/3/2024 13:30,22.6
3/3/2024 13:30,22.6
3/3/2024 13:30,22.6
3/3/2024 13:30,22.6
3/3/2024 13:30,22.6
3/3/2024 13:30,22.6
3/3/2024 13:30,22.6
3/3/2024 13:29,22.6
3/3/2024 13:29,22.6
3/3/2024 13:29,22.6
3/3/2024 13:29,22.6
3/3/2024 13:29,22.6
3/3/2024 13:29,22.6
3/3/2024 13:29,22.6
3/3/2024 13:29,22.6
3/3/2024 13:29,23.5
3/3/2024 13:29,22.6
3/3/2024 13:29,22.6
3/3/2024 13:28,22.6
3/3/2024 13:28,22.6
3/3/2024 13:28,22.6
3/3/2024 13:28,22.6
3/3/2024 13:28,22.6
3/3/2024 13:28,22.6
3/3/2024 13:28,22.6
3/3/2024 13:28,22.6
3/3/2024 13:28,22.6
3/3/2024 13:28,22.6
3/3/2024 13:28,22.6
3/3/2024 13:28,22.6
3/3/2024 13:27,22.6
3/3/2024 13:27,22.6
3/3/2024 13:27,22.6
3/3/2024 13:27,22.6
3/3/2024 13:27,22.6
3/3/2024 13:27,22.6
3/3/2024 13:27,9.49
3/3/2024 13:27,9.5
3/3/2024 13:27,9.5
3/3/2024 13:27,9.5
3/3/2024 13:27,9.49
3/3/2024 13:27,9.5
3/3/2024 13:26,9.5
3/3/2024 13:26,9.5
3/3/2024 13:26,9.49
3/3/2024 13:26,9.49
3/3/2024 13:26,9.5
3/3/2024 13:26,9.49
3/3/2024 13:26,9.49
3/3/2024 13:26,28.6
3/3/2024 13:26,23.5
3/3/2024 13:26,23.5
3/3/2024 13:26,23.5
3/3/2024 13:25,23.5
3/3/2024 13:25,23.5
3/3/2024 13:25,23.5
3/3/2024 13:25,23.5
3/3/2024 13:25,23.5
3/3/2024 13:25,23.5
3/3/2024 13:25,23.5
3/3/2024 13:25,23.5
3/3/2024 13:25,23.5
3/3/2024 13:25,23.5
3/3/2024 13:25,23.5
3/3/2024 13:25,23.5
3/3/2024 13:24,23.5
3/3/2024 13:24,23.5
3/3/2024 13:24,23.5
3/3/2024 13:24,23.5
3/3/2024 13:24,23.5
3/3/2024 13:24,23.5
3/3/2024 13:24,23.5
3/3/2024 13:24,23.5
3/3/2024 13:24,23.5
3/3/2024 13:24,23.5
3/3/2024 13:24,23.5
3/3/2024 13:23,23.5
3/3/2024 13:23,23.5
3/3/2024 13:23,23.5
3/3/2024 13:23,23.5
3/3/2024 13:23,23.5
3/3/2024 13:23,23.5
3/3/2024 13:23,23.5
3/3/2024 13:23,23.5
3/3/2024 13:23,23.5
3/3/2024 13:23,28.9
3/3/2024 13:23,28.8
3/3/2024 13:23,28.8
3/3/2024 13:22,24.6
3/3/2024 13:22,34.7
3/3/2024 13:22,34.8
3/3/2024 13:22,20.6
3/3/2024 13:22,20.6
3/3/2024 12:36,33.2
3/3/2024 12:35,31.9
3/3/2024 12:35,32
3/3/2024 12:35,33.2
3/3/2024 12:35,33.2
3/3/2024 12:35,31.9
3/3/2024 12:35,33.2
3/3/2024 12:35,33.2
3/3/2024 12:35,31.9
3/3/2024 12:35,33.2
3/3/2024 12:35,31.9
3/3/2024 12:35,33.2
3/3/2024 12:35,33.2
3/3/2024 12:34,33.2
3/3/2024 12:34,33.2
3/3/2024 12:34,33.2
3/3/2024 12:34,31.9
3/3/2024 12:34,33.2
3/3/2024 12:34,33.2
3/3/2024 12:34,33.2
3/3/2024 12:34,33.2
3/3/2024 12:34,33.2
3/3/2024 12:34,33.2
3/3/2024 12:34,33.2
3/3/2024 12:34,33.2
3/3/2024 12:33,33.2
3/3/2024 12:33,33.2
3/3/2024 12:33,33.2
3/3/2024 12:33,33.2
3/3/2024 12:33,33.2
3/3/2024 12:33,33.2
3/3/2024 12:33,33.2
3/3/2024 12:33,33.2
3/3/2024 12:33,33.2
3/3/2024 12:33,34.5
3/3/2024 12:33,31.9
3/3/2024 12:32,33.2
3/3/2024 12:32,33.2
3/3/2024 12:32,31.9
3/3/2024 12:32,33.2
3/3/2024 12:32,33.2
3/3/2024 12:32,33.3
3/3/2024 12:32,33.2
3/3/2024 12:32,33.2
3/3/2024 12:32,33.2
3/3/2024 12:32,33.2
3/3/2024 12:32,32
3/3/2024 12:32,30.2
3/3/2024 12:31,30.1
3/3/2024 12:31,30.1
3/3/2024 12:31,30.1
3/3/2024 12:31,30.1
3/3/2024 12:31,30.2
3/3/2024 12:31,30.2
3/3/2024 12:31,30.1
3/3/2024 12:31,30.1
3/3/2024 12:31,30.1
3/3/2024 12:31,30.2
3/3/2024 12:31,30.1
3/3/2024 12:31,30.1
3/3/2024 12:30,32.2
3/3/2024 12:30,32.2
3/3/2024 12:30,30.1
3/3/2024 12:30,30.1
3/3/2024 12:30,30.1
3/3/2024 12:30,30.6
3/3/2024 12:30,90
3/3/2024 12:30,34.7
3/3/2024 12:30,34.7
3/3/2024 12:30,48.1
3/3/2024 12:30,57.2
3/3/2024 12:29,48.5
3/3/2024 12:29,48.5
3/3/2024 12:29,48.5
3/3/2024 12:29,48.1
3/3/2024 12:29,48.1
3/3/2024 12:29,48.5
3/3/2024 12:29,49.4
3/3/2024 12:29,48.1
3/3/2024 12:29,48.4
3/3/2024 12:29,62.8
3/3/2024 12:29,49.4
3/3/2024 12:29,48.1
3/3/2024 12:28,69.6
3/3/2024 12:28,48.5
3/3/2024 12:28,49.5
3/3/2024 12:28,48.1
3/3/2024 12:28,70.1
3/3/2024 12:28,48.1
3/3/2024 12:28,48.1
3/3/2024 12:28,48.5
3/3/2024 12:28,49.3
3/3/2024 12:28,66.5
3/3/2024 12:28,48.5
3/3/2024 12:27,48.1
3/3/2024 12:27,48.1
3/3/2024 12:27,60.7
3/3/2024 12:27,48.3
3/3/2024 12:27,48.5
3/3/2024 12:27,89.4
3/3/2024 12:27,48.1
3/3/2024 12:27,48.1
3/3/2024 12:27,48.1
3/3/2024 12:27,89.2
3/3/2024 12:27,65.6
3/3/2024 12:27,48.1
3/3/2024 12:26,48.3
3/3/2024 12:26,48.5
3/3/2024 12:26,48.1
3/3/2024 12:26,48.1
3/3/2024 12:26,49.4
3/3/2024 12:26,48.1
3/3/2024 12:26,62.5
3/3/2024 12:26,48.1
3/3/2024 12:26,49.7
3/3/2024 12:26,48.1
3/3/2024 12:26,48.1
3/3/2024 12:26,48.1
3/3/2024 12:25,48.1
3/3/2024 12:25,69.5
3/3/2024 12:25,48.1
3/3/2024 12:25,51.8
3/3/2024 12:25,48.9
3/3/2024 12:25,48.5
3/3/2024 12:25,48.1
3/3/2024 12:25,48.1
3/3/2024 12:25,48.1
3/3/2024 12:25,48.5
3/3/2024 12:25,53.2
3/3/2024 12:24,48.1
3/3/2024 12:24,48.1
3/3/2024 12:24,50.2
3/3/2024 12:24,48.5
3/3/2024 12:24,48.1
3/3/2024 12:24,48.1
3/3/2024 12:24,48.5
3/3/2024 12:24,48.5
3/3/2024 12:24,48.1
3/3/2024 12:24,48.4
3/3/2024 12:24,48.1
3/3/2024 12:24,48.1
3/3/2024 12:23,48.1
3/3/2024 12:23,48.4
3/3/2024 12:23,48.5
3/3/2024 12:23,53.2
3/3/2024 12:23,48.1
3/3/2024 12:23,10.9
3/3/2024 12:23,9.5
3/3/2024 12:23,13.6
3/3/2024 12:23,90.5
3/3/2024 12:23,66.4
3/3/2024 12:23,48.1
3/3/2024 12:23,48.1
3/3/2024 12:22,48.1
3/3/2024 12:22,48.4
3/3/2024 12:22,48.5
3/3/2024 12:22,48.1
3/3/2024 12:22,48.1
3/3/2024 12:22,48.1
3/3/2024 12:22,48.5
3/3/2024 12:22,53.3
3/3/2024 12:22,48.1
3/3/2024 12:22,48.1
3/3/2024 12:22,34.7
3/3/2024 12:21,34.7
3/3/2024 12:21,48.4
3/3/2024 12:21,48.1
3/3/2024 12:21,48.1
3/3/2024 12:21,48.1
3/3/2024 12:21,66.1
3/3/2024 12:21,65.2
3/3/2024 12:21,45.9
3/3/2024 12:21,48.1
3/3/2024 12:21,48.1
3/3/2024 12:21,48.1
3/3/2024 12:21,48.5
3/3/2024 12:20,51.3
3/3/2024 12:20,48.1
3/3/2024 12:19,48.1
3/3/2024 12:19,74.1
3/3/2024 12:19,72.1
3/3/2024 12:19,54.8
3/3/2024 12:19,48.4
3/3/2024 12:19,48.4
3/3/2024 12:19,48.4
3/3/2024 12:19,56.8
3/3/2024 12:19,48.1
3/3/2024 12:19,48.1
3/3/2024 12:19,62.3
3/3/2024 12:19,48.5
3/3/2024 12:18,49.3
3/3/2024 12:18,50
3/3/2024 12:18,48.5
3/3/2024 12:18,48.1
3/3/2024 12:18,89
3/3/2024 12:18,48.1
3/3/2024 12:18,48.5
3/3/2024 12:18,48.4
3/3/2024 12:18,69.5
3/3/2024 12:18,69.5
3/3/2024 12:18,56.3
3/3/2024 12:17,48.4
3/3/2024 12:17,48.5
3/3/2024 12:17,48.1
3/3/2024 12:17,61.3
3/3/2024 12:17,48.1
3/3/2024 12:17,48.3
3/3/2024 12:17,48.5
3/3/2024 12:17,49.3
3/3/2024 12:17,48.4
3/3/2024 12:17,48.5
3/3/2024 12:17,48.1
3/3/2024 12:17,48.5
3/3/2024 12:16,48.1
3/3/2024 12:16,49.4
3/3/2024 12:16,48.1
3/3/2024 12:16,88.9
3/3/2024 12:16,48.1
3/3/2024 12:16,48.1
3/3/2024 12:16,48.1
3/3/2024 12:16,21.5
3/3/2024 12:16,12.7
3/3/2024 12:16,11.8
3/3/2024 12:16,8.91
3/3/2024 12:15,9.77
3/3/2024 12:15,35.4
3/3/2024 12:15,35.4
3/3/2024 12:15,35.4
3/3/2024 12:15,11.2
3/3/2024 12:15,2.41
3/3/2024 12:15,11.5
3/3/2024 12:15,7.45
3/3/2024 12:15,35.4
3/3/2024 12:15,35.4
3/3/2024 12:15,35.4
3/3/2024 12:15,35.4
3/3/2024 12:14,35.4
3/3/2024 12:14,35.4
3/3/2024 12:14,35.4
3/3/2024 12:14,35.4
3/3/2024 12:14,35.4
3/3/2024 12:14,35.4
3/3/2024 12:14,35.9
3/3/2024 12:14,35.9
3/3/2024 12:14,35.4
3/3/2024 12:14,35.9
3/3/2024 12:14,35.9
3/3/2024 12:14,35.4
3/3/2024 12:13,35.4
3/3/2024 12:13,36.1
3/3/2024 12:13,47.9
3/3/2024 12:13,47.9
3/3/2024 12:13,34.7
3/3/2024 12:13,48.8
3/3/2024 12:13,49.6
3/3/2024 12:13,48.8
3/3/2024 12:13,34.7
3/3/2024 12:13,90.3
3/3/2024 12:13,47.9
3/3/2024 12:12,48
3/3/2024 12:12,48.9
3/3/2024 12:12,47.9
3/3/2024 12:12,47.9
3/3/2024 12:12,47.9
3/3/2024 12:12,48.5
3/3/2024 12:12,34.7
3/3/2024 12:12,34.7
3/3/2024 12:12,47.5
3/3/2024 12:12,34.7
3/3/2024 12:12,34.7
3/3/2024 12:12,47.9
3/3/2024 12:11,47.9
3/3/2024 12:11,47.9
3/3/2024 12:11,50.5
3/3/2024 12:11,35
3/3/2024 12:11,35
3/3/2024 12:11,35
3/3/2024 12:11,35
3/3/2024 12:11,35
3/3/2024 12:11,35
3/3/2024 12:11,35.4
3/3/2024 12:11,35.4
3/3/2024 12:10,35.4
3/3/2024 12:10,35.4
3/3/2024 12:10,35.4
3/3/2024 12:10,17.4
3/3/2024 12:10,6.2
3/3/2024 12:10,4.79
3/3/2024 12:10,3.93
3/3/2024 12:10,7.09
3/3/2024 12:10,3.62
3/3/2024 12:10,16.1
3/3/2024 12:10,16.1
3/3/2024 12:09,14.7
3/3/2024 12:09,295
3/3/2024 12:09,2.63
3/3/2024 12:08,4.96
3/3/2024 12:08,3.5
3/3/2024 12:08,171
3/3/2024 12:08,5.34
3/3/2024 12:08,4.68
3/3/2024 12:08,34.4
3/3/2024 12:07,34.4
3/3/2024 12:07,34.4
3/3/2024 12:07,34.4
3/3/2024 12:07,34.4
3/3/2024 12:07,34.4
3/3/2024 12:07,34.4
3/3/2024 12:07,34.4
3/3/2024 12:06,34.4
3/3/2024 12:06,34.4
3/3/2024 12:06,34.4
3/3/2024 12:06,34.4
3/3/2024 12:06,34.4
3/3/2024 12:06,34.4
3/3/2024 12:06,34.4
3/3/2024 12:06,34.4
3/3/2024 12:06,34.4
3/3/2024 12:06,34.4
3/3/2024 12:06,34.4
3/3/2024 12:06,34.4
3/3/2024 12:05,34.4
3/3/2024 12:05,34.4
3/3/2024 12:05,34.4
3/3/2024 12:05,34.4
3/3/2024 12:05,34.4
3/3/2024 12:05,34.4
3/3/2024 12:05,34.4
3/3/2024 12:05,34.4
3/3/2024 12:05,34.4
3/3/2024 12:05,11.7
3/3/2024 12:04,4.98
3/3/2024 12:04,2.92
3/3/2024 12:04,3.2
3/3/2024 12:04,32.8
3/3/2024 12:04,32.8
3/3/2024 12:04,32.9
3/3/2024 12:04,34.1
3/3/2024 12:04,34.2
3/3/2024 12:04,34.1
3/3/2024 12:03,32.9
3/3/2024 12:03,32.8
3/3/2024 12:03,32.9
3/3/2024 12:03,34.1
3/3/2024 12:03,35.8
3/3/2024 12:03,34.1
3/3/2024 12:03,34.1
3/3/2024 12:03,34.1
3/3/2024 12:03,32.9
3/3/2024 12:03,32.8
3/3/2024 12:03,32.8
3/3/2024 12:02,32.9
3/3/2024 12:02,32.8
3/3/2024 12:02,34.1
3/3/2024 12:02,32.8
3/3/2024 12:02,32.8
3/3/2024 12:02,33.4
3/3/2024 12:02,31.8
3/3/2024 12:02,33.1
3/3/2024 12:02,33.1
3/3/2024 12:02,32.3
3/3/2024 12:02,34.4
3/3/2024 12:02,34.4
3/3/2024 12:01,34.4
3/3/2024 12:01,34.4
3/3/2024 12:01,32.3
3/3/2024 12:01,35.3
3/3/2024 12:01,30.1
3/3/2024 12:00,30.3
3/3/2024 12:00,31.5
3/3/2024 12:00,30.3
3/3/2024 12:00,31.6
3/3/2024 12:00,33.6
3/3/2024 12:00,30.3
3/3/2024 12:00,30.3
3/3/2024 11:59,28.9
3/3/2024 11:59,28.9
3/3/2024 11:59,29.5
3/3/2024 11:59,32.1
3/3/2024 11:59,30
3/3/2024 11:59,30
3/3/2024 11:58,30
3/3/2024 11:58,31.3
3/3/2024 11:58,31.3
3/3/2024 11:58,31.3
3/3/2024 11:58,31.3
3/3/2024 11:58,31.3
3/3/2024 11:58,29.2
3/3/2024 11:57,29.2
3/3/2024 11:57,29.2
3/3/2024 11:57,29.2
3/3/2024 11:57,29.2
3/3/2024 11:57,30.5
3/3/2024 11:57,29.2
3/3/2024 11:57,29.2
3/3/2024 11:56,29.2
3/3/2024 11:56,29.2
3/3/2024 11:56,29.2
3/3/2024 11:56,30.5
3/3/2024 11:56,29.2
3/3/2024 11:56,29.2
3/3/2024 11:56,29.2
3/3/2024 11:56,29.2
3/3/2024 11:56,30.5
3/3/2024 11:55,34
3/3/2024 11:55,285
3/3/2024 11:55,11.5
3/3/2024 11:55,11.8
3/3/2024 11:55,10.9
3/3/2024 11:55,12.4
3/3/2024 11:54,285
3/3/2024 11:54,10.7
3/3/2024 11:54,11.5
3/3/2024 11:54,11.2
3/3/2024 11:54,63.6
3/3/2024 11:54,285
3/3/2024 11:54,285
3/3/2024 11:54,11.5
3/3/2024 11:54,12.4
3/3/2024 11:54,69.4
3/3/2024 11:54,285
3/3/2024 11:54,285
3/3/2024 11:53,285
3/3/2024 11:53,285
3/3/2024 11:53,288
3/3/2024 11:53,54.9
3/3/2024 11:52,286
3/3/2024 11:52,21.7
3/3/2024 11:52,285
3/3/2024 11:52,285
3/3/2024 11:52,285
3/3/2024 11:52,285
3/3/2024 11:51,285
3/3/2024 11:51,285
3/3/2024 11:51,285
3/3/2024 11:51,35.1
3/3/2024 11:51,285
3/3/2024 11:51,285
3/3/2024 11:51,285
3/3/2024 11:51,285
3/3/2024 11:50,285
3/3/2024 11:50,285
3/3/2024 11:50,285
3/3/2024 11:50,59.1
3/3/2024 11:50,286
3/3/2024 11:50,285
3/3/2024 11:50,285
3/3/2024 11:50,285
3/3/2024 11:50,285
3/3/2024 11:50,288
3/3/2024 11:49,54.8
3/3/2024 11:49,54.8
3/3/2024 11:49,54.6
3/3/2024 11:49,30.1
3/3/2024 11:49,285
3/3/2024 11:49,285
3/3/2024 11:49,285
3/3/2024 11:48,285
3/3/2024 11:48,285
3/3/2024 11:48,62.9
3/3/2024 11:48,39.7
3/3/2024 11:48,40
3/3/2024 11:48,7.36
3/3/2024 11:48,70.4
3/3/2024 11:48,36.3
3/3/2024 11:48,27.4
3/3/2024 11:48,28.3
3/3/2024 11:47,28.3
3/3/2024 11:47,29.3
3/3/2024 11:46,42.3
3/3/2024 11:46,38.6
3/3/2024 11:46,40
3/3/2024 11:46,34.5
3/3/2024 11:46,72.8
3/3/2024 11:46,31.6
3/3/2024 11:46,31.6
3/3/2024 11:45,30.8
3/3/2024 11:45,30.8
3/3/2024 11:45,28.8
3/3/2024 11:45,28.8
3/3/2024 11:45,28.8
3/3/2024 11:45,28
3/3/2024 11:44,28.8
3/3/2024 11:44,28.8
3/3/2024 11:44,28.8
3/3/2024 11:44,29.1
3/3/2024 11:44,29.3
3/3/2024 11:44,28.5
3/3/2024 11:44,30.6
3/3/2024 11:44,29.3
3/3/2024 11:44,29.3
3/3/2024 11:43,29.3
3/3/2024 11:43,61.2
3/3/2024 11:43,29.3
3/3/2024 11:43,29.3
3/3/2024 11:43,29.3
3/3/2024 11:43,29.3
3/3/2024 11:43,29.3
3/3/2024 11:43,29.3
3/3/2024 11:43,29.3
3/3/2024 11:43,29.3
3/3/2024 11:42,29.3
3/3/2024 11:42,29.3
3/3/2024 11:42,29.3
3/3/2024 11:42,29.3
3/3/2024 11:42,29.3
3/3/2024 11:42,29.8
3/3/2024 11:42,34.4
3/3/2024 11:42,36.1
3/3/2024 11:42,36.1
3/3/2024 11:42,36.1
3/3/2024 11:41,36.1
3/3/2024 11:41,36.1
3/3/2024 11:41,32.1
3/3/2024 11:41,33.9
3/3/2024 11:41,35.6
3/3/2024 11:41,45.9
3/3/2024 11:41,217
3/3/2024 11:41,73.8
3/3/2024 11:41,123
3/3/2024 11:40,54.8
3/3/2024 11:40,59.7
3/3/2024 11:40,54.8
3/3/2024 11:40,57.4
3/3/2024 11:40,14.1
3/3/2024 11:40,93.9
3/3/2024 11:40,28.2
3/3/2024 11:40,28.3
3/3/2024 11:40,9.42
3/3/2024 11:40,13.8
3/3/2024 11:39,28.5
3/3/2024 11:39,28
3/3/2024 11:39,9.42
3/3/2024 11:39,3.26
3/3/2024 11:39,28.2
3/3/2024 11:39,28.2
3/3/2024 11:39,28.3
3/3/2024 11:39,24.3
3/3/2024 11:39,48.2
3/3/2024 11:39,44.5
3/3/2024 11:38,28
3/3/2024 11:38,28
3/3/2024 11:38,28
3/3/2024 11:38,35.2
3/3/2024 11:38,27.7
3/3/2024 11:38,26.9
3/3/2024 11:38,26.9
3/3/2024 11:38,28.5
3/3/2024 11:38,28.7
3/3/2024 11:38,99.3
3/3/2024 11:37,265
3/3/2024 11:37,42.1
3/3/2024 11:37,56.7
3/3/2024 11:37,221
3/3/2024 11:37,221
3/3/2024 11:37,82.9
3/3/2024 11:37,28.5
3/3/2024 11:37,192
3/3/2024 11:36,17.6
3/3/2024 11:36,5.05
3/3/2024 11:36,23.1
3/3/2024 11:36,15.7
3/3/2024 11:36,35.1
3/2/2024 23:07,7.36
3/2/2024 23:07,8.26
3/2/2024 23:07,9.15
3/2/2024 23:07,283
3/2/2024 23:07,283
3/2/2024 23:07,283
3/2/2024 23:07,283
3/2/2024 23:06,283
3/2/2024 23:06,283
3/2/2024 23:06,21.1
3/2/2024 23:06,6.22
3/2/2024 23:06,30.3
2/27/2024 12:17,4.45
2/25/2024 19:23,23.1
2/25/2024 19:23,23.2
2/25/2024 19:23,22.3
2/25/2024 19:23,23.2
2/25/2024 19:23,23.1
2/25/2024 19:23,23.2
2/25/2024 19:23,23.1
2/25/2024 19:23,23.2
2/25/2024 19:23,22.3
2/25/2024 19:22,23.2
2/25/2024 19:22,23.2
2/25/2024 19:22,23.1
2/25/2024 19:22,23.2
2/25/2024 19:22,23.2
2/25/2024 19:22,23.2
2/25/2024 19:22,23.2
2/25/2024 19:22,24.6
2/25/2024 19:22,41.3
2/25/2024 19:22,41.3
2/25/2024 19:21,41.3
2/25/2024 19:21,41.3
2/25/2024 19:21,24.6
2/25/2024 19:21,41.3
2/25/2024 19:21,41.3
2/25/2024 19:21,41.3
2/25/2024 19:21,41.3
2/25/2024 19:21,24.6
2/25/2024 19:21,41.3
2/25/2024 19:20,41.3
2/25/2024 19:20,41.3
2/25/2024 19:20,24.6
2/25/2024 19:20,41.3
2/25/2024 19:20,41.3
2/25/2024 19:20,41.3
2/25/2024 19:20,44.3
2/25/2024 19:20,41.3
2/25/2024 19:20,52.3
2/25/2024 19:20,52.3
2/25/2024 19:19,41.3
2/25/2024 19:19,41.3
2/25/2024 19:19,41.3
2/25/2024 19:19,41.3
2/25/2024 19:19,44.3
2/25/2024 19:19,41.3
2/25/2024 19:19,8.86
2/25/2024 19:19,11.8
2/25/2024 19:19,24.6
2/25/2024 19:18,24.6
2/25/2024 19:18,24.6
2/25/2024 19:18,24.6
2/25/2024 19:18,24.6
2/25/2024 19:18,24.6
2/25/2024 19:18,24.6
2/25/2024 19:18,24.6
2/25/2024 19:18,24.6
2/25/2024 19:18,24.6
2/25/2024 19:17,25.4
2/25/2024 19:17,24.6
2/25/2024 19:17,25.4
2/25/2024 19:17,24.6
2/25/2024 19:17,11.5
2/25/2024 19:17,11.5
2/25/2024 19:17,11.5
2/25/2024 19:16,11.5
2/25/2024 19:16,36.8
2/25/2024 19:16,37.2
2/25/2024 19:16,36.8
2/25/2024 19:16,36.8
2/25/2024 19:16,36.8
2/25/2024 19:16,37.2
2/25/2024 19:16,36.8
2/25/2024 19:16,37.2
2/25/2024 19:15,37.2
2/25/2024 19:15,36.8
2/25/2024 19:15,36.8
2/25/2024 19:15,37.2
2/25/2024 19:15,37.2
2/25/2024 19:15,36.8
2/25/2024 19:15,37.2
2/25/2024 19:15,36.8
2/25/2024 19:15,37.2
2/25/2024 19:15,37.2
2/25/2024 19:14,36.8
2/25/2024 19:14,36.8
2/25/2024 19:14,37.2
2/25/2024 19:14,36.8
2/25/2024 19:14,37.2
2/25/2024 19:14,36.8
2/25/2024 19:14,37.2
2/25/2024 19:14,37.2
2/25/2024 19:14,37.2
2/25/2024 19:14,37.2
2/25/2024 19:13,36.8
2/25/2024 19:13,37.2
2/25/2024 19:13,37.2
2/25/2024 19:13,37.2
2/25/2024 19:13,36.8
2/25/2024 19:13,36.8
2/25/2024 19:13,36.8
2/25/2024 19:13,37.2
2/25/2024 19:13,37.2
2/25/2024 19:12,37.2
2/25/2024 19:12,37.2
2/25/2024 19:12,37.2
2/25/2024 19:12,36.8
2/25/2024 19:12,37.2
2/25/2024 19:12,37.2
2/25/2024 19:12,36.8
2/25/2024 19:12,37.2
2/25/2024 19:12,37.2
2/25/2024 19:12,37.2
2/25/2024 19:11,37.2
2/25/2024 19:11,36.8
2/25/2024 19:11,36.8
2/25/2024 19:11,37.2
2/25/2024 19:11,36.8
2/25/2024 19:11,36.8
2/25/2024 19:11,36.8
2/25/2024 19:11,37.2
2/25/2024 19:11,36.8
2/25/2024 19:11,36.8
2/25/2024 19:10,37.2
2/25/2024 19:10,37.2
2/25/2024 19:10,36.8
2/25/2024 19:10,37.2
2/25/2024 19:10,37.2
2/25/2024 19:10,37.2
2/25/2024 19:10,37.2
2/25/2024 19:10,37.2
2/25/2024 19:10,36.8
2/25/2024 19:10,37.2
2/25/2024 19:09,37.2
2/25/2024 19:09,37.2
2/25/2024 19:09,37.2
2/25/2024 19:09,37.2
2/25/2024 19:09,37.2
2/25/2024 19:09,36.8
2/25/2024 19:09,37.2
2/25/2024 19:09,37.2
2/25/2024 19:09,37.2
2/25/2024 19:08,36.8
2/25/2024 19:08,37.2
2/25/2024 19:08,36.8
2/25/2024 19:08,36.8
2/25/2024 19:08,37.2
2/25/2024 19:08,37.2
2/25/2024 19:08,37.2
2/25/2024 19:08,37.2
2/25/2024 19:08,37.2
2/25/2024 19:08,37.2
2/25/2024 19:07,37.2
2/25/2024 19:07,37.2
2/25/2024 19:07,37.2
2/25/2024 19:07,37.2
2/25/2024 19:07,36.8
2/25/2024 19:07,37.2
2/25/2024 19:07,36.8
2/25/2024 19:07,36.8
2/25/2024 19:07,37.2
2/25/2024 19:07,37.2
2/25/2024 19:06,36.8
2/25/2024 19:06,36.8
2/25/2024 19:06,36.8
2/25/2024 19:06,36.8
2/25/2024 19:06,37.2
2/25/2024 19:06,37.2
2/25/2024 19:06,37.2
2/25/2024 19:06,37.2
2/25/2024 19:06,37.2
2/25/2024 19:06,36.8
2/25/2024 19:05,11.2
2/25/2024 19:05,34.9
2/25/2024 19:05,17.7
2/25/2024 19:05,15.1
2/25/2024 19:05,18
2/25/2024 19:05,34.5
2/25/2024 19:05,34.9
2/25/2024 19:05,34.9
2/25/2024 19:04,35
2/25/2024 19:04,34.5
2/25/2024 19:04,35
2/25/2024 19:04,35.4
2/25/2024 19:04,35.4
2/25/2024 19:04,35.4
2/25/2024 19:04,35.4
2/25/2024 19:04,35
2/25/2024 19:04,34.9
2/25/2024 19:04,34.9
2/25/2024 19:03,35.4
2/25/2024 19:03,34.9
2/25/2024 19:03,35.4
2/25/2024 19:03,35.4
2/25/2024 19:03,35.4
2/25/2024 19:03,34.9
2/25/2024 19:03,35
2/25/2024 19:03,35.4
2/25/2024 19:03,35.4
2/25/2024 19:03,35
2/25/2024 19:02,35.4
2/25/2024 19:02,35
2/25/2024 19:02,34.9
2/25/2024 19:02,35.4
2/25/2024 19:02,35.4
2/25/2024 19:02,34.5
2/25/2024 19:02,38.8
2/25/2024 19:02,38.8
2/25/2024 19:02,38.9
2/25/2024 19:02,38.8
2/25/2024 19:01,38.4
2/25/2024 19:01,38.4
2/25/2024 19:01,38.4
2/25/2024 19:01,38.4
2/25/2024 19:01,38.4
2/25/2024 19:01,38.8
2/25/2024 19:01,38.8
2/25/2024 19:01,38.8
2/25/2024 19:01,36.8
2/25/2024 19:00,38.8
2/25/2024 19:00,38.8
2/25/2024 19:00,38.4
2/25/2024 19:00,36.8
2/25/2024 19:00,38.8
2/25/2024 19:00,38.4
2/25/2024 19:00,38.8
2/25/2024 19:00,38.8
2/25/2024 19:00,38.4
2/25/2024 19:00,38.8
2/25/2024 18:59,38.8
2/25/2024 18:59,38.4
2/25/2024 18:59,38.8
2/25/2024 18:59,38.4
2/25/2024 18:59,38.4
2/25/2024 18:59,38.8
2/25/2024 18:59,36.8
2/25/2024 18:59,38.4
2/25/2024 18:59,38.4
2/25/2024 18:59,36.8
2/25/2024 18:58,38.8
2/25/2024 18:58,36.8
2/25/2024 18:58,38.8
2/25/2024 18:58,36.8
2/25/2024 18:58,36.8
2/25/2024 18:58,36.8
2/25/2024 18:58,36.8
2/25/2024 18:58,38.8
2/25/2024 18:58,38.4
2/25/2024 18:57,36.8
2/25/2024 18:57,36.8
2/25/2024 18:57,38.8
2/25/2024 18:57,36.8
2/25/2024 18:57,36.8
2/25/2024 18:57,36.8
2/25/2024 18:57,38.4
2/25/2024 18:57,22.6
2/25/2024 18:57,15.4
2/25/2024 18:57,12.1
2/25/2024 18:56,15.1
2/25/2024 18:56,15.1
2/25/2024 18:56,15.1
2/25/2024 18:56,15.1
2/25/2024 18:56,15.1
2/25/2024 18:56,15.1
2/25/2024 18:56,15.1
2/25/2024 18:56,15.1
2/25/2024 18:56,15.1
2/25/2024 18:56,15.1
2/25/2024 18:55,15.1
2/25/2024 18:55,15.1
2/25/2024 18:55,15.1
2/25/2024 18:55,15.1
2/25/2024 18:55,15.1
2/25/2024 18:55,15.1
2/25/2024 18:55,15.1
2/25/2024 18:55,15.1
2/25/2024 18:55,15.1
2/25/2024 18:55,15.1
2/25/2024 18:54,15.1
2/25/2024 18:54,15.1
2/25/2024 18:54,15.1
2/25/2024 18:54,15.1
2/25/2024 18:54,15.1
2/25/2024 18:54,15.1
2/25/2024 18:54,15.1
2/25/2024 18:54,15.1
2/25/2024 18:54,15.1
2/25/2024 18:54,15.1
2/25/2024 18:53,15.1
2/25/2024 18:53,15.1
2/25/2024 18:53,15.1
2/25/2024 18:53,15.1
2/25/2024 18:53,15.1
2/25/2024 18:53,15.1
2/25/2024 18:53,15.1
2/25/2024 18:53,15.1
2/25/2024 18:53,15.1
2/25/2024 18:52,15.1
2/25/2024 18:52,15.1
2/25/2024 18:52,15.1
2/25/2024 18:52,15.1
2/25/2024 18:52,15.1
2/25/2024 18:52,15.1
2/25/2024 18:52,15.1
2/25/2024 18:52,15.1
2/25/2024 18:52,15.1
2/25/2024 18:52,15.1
2/25/2024 18:51,15.1
2/25/2024 18:51,15.1
2/25/2024 18:51,15.1
2/25/2024 18:51,15.1
2/25/2024 18:51,15.1
2/25/2024 18:51,15.1
2/25/2024 18:51,15.1
2/25/2024 18:51,15.1
2/25/2024 18:51,15.1
2/25/2024 18:51,15.1
2/25/2024 18:50,15.1
2/25/2024 18:50,15.1
2/25/2024 18:50,15.1
2/25/2024 18:50,15.1
2/25/2024 18:50,15.1
2/25/2024 18:50,15.1
2/25/2024 18:50,15.1
2/25/2024 18:50,15.1
2/25/2024 18:50,15.1
2/25/2024 18:50,15.1
2/25/2024 18:49,15.1
2/25/2024 18:49,15.1
2/25/2024 18:49,15.1
2/25/2024 18:49,15.1
2/25/2024 18:49,15.1
2/25/2024 18:49,15.1
2/25/2024 18:49,15.1
2/25/2024 18:49,15.1
2/25/2024 18:49,15.1
2/25/2024 18:48,15.1
2/25/2024 18:48,15.1
2/25/2024 18:48,15.1
2/25/2024 18:48,15.1
2/25/2024 18:48,15.1
2/25/2024 18:48,15.1
2/25/2024 18:48,15.1
2/25/2024 18:48,15.1
2/25/2024 18:48,15.1
2/25/2024 18:48,15.1
2/25/2024 18:47,15.1
2/25/2024 18:47,15.1
2/25/2024 18:47,15.1
2/25/2024 18:47,15.1
2/25/2024 18:47,15.1
2/25/2024 18:47,15.1
2/25/2024 18:47,15.1
2/25/2024 18:47,15.1
2/25/2024 18:47,15.1
2/25/2024 18:47,15.1
2/25/2024 18:46,15.1
2/25/2024 18:46,15.1
2/25/2024 18:46,15.1
2/25/2024 18:46,15.1
2/25/2024 18:46,15.1
2/25/2024 18:46,15.1
2/25/2024 18:46,15.1
2/25/2024 18:46,15.1
2/25/2024 18:46,15.1
2/25/2024 18:46,15.1
2/25/2024 18:45,15.1
2/25/2024 18:45,15.1
2/25/2024 18:45,15.1
2/25/2024 18:45,15.1
2/25/2024 18:45,15.1
2/25/2024 18:45,15.1
2/25/2024 18:45,15.1
2/25/2024 18:45,15.1
2/25/2024 18:45,15.1
2/25/2024 18:44,15.1
2/25/2024 18:44,15.1
2/25/2024 18:44,15.1
2/25/2024 18:44,15.1
2/25/2024 18:44,15.1
2/25/2024 18:44,15.1
2/25/2024 18:44,15.1
2/25/2024 18:44,15.1
2/25/2024 18:44,15.1
2/25/2024 18:44,15.1
2/25/2024 18:43,15.1
2/25/2024 18:43,15.1
2/25/2024 18:43,15.1
2/25/2024 18:43,15.1
2/25/2024 18:43,15.1
2/25/2024 18:43,15.1
2/25/2024 18:43,15.1
2/25/2024 18:43,15.1
2/25/2024 18:43,15.1
2/25/2024 18:43,15.1
2/25/2024 18:42,15.1
2/25/2024 18:42,15.1
2/25/2024 18:42,15.1
2/25/2024 18:42,15.1
2/25/2024 18:42,15.1
2/25/2024 18:42,15.1
2/25/2024 18:42,15.1
2/25/2024 18:42,15.1
2/25/2024 18:42,15.1
2/25/2024 18:42,15.1
2/25/2024 18:41,15.1
2/25/2024 18:41,15.1
2/25/2024 18:41,15.1
2/25/2024 18:41,15.1
2/25/2024 18:41,15.1
2/25/2024 18:41,15.1
2/25/2024 18:41,15.1
2/25/2024 18:41,15.1
2/25/2024 18:41,15.1
2/25/2024 18:40,15.1
2/25/2024 18:40,15.1
2/25/2024 18:40,15.1
2/25/2024 18:40,15.1
2/25/2024 18:40,15.1
2/25/2024 18:40,15.1
2/25/2024 18:40,15.1
2/25/2024 18:40,15.1
2/25/2024 18:40,15.1
2/25/2024 18:40,15.1
2/25/2024 18:39,15.1
2/25/2024 18:39,15.1
2/25/2024 18:39,15.1
2/25/2024 18:39,15.1
2/25/2024 18:39,15.1
2/25/2024 18:39,15.1
2/25/2024 18:39,15.1
2/25/2024 18:39,15.1
2/25/2024 18:39,15.1
2/25/2024 18:39,15.1
2/25/2024 18:38,15.1
2/25/2024 18:38,15.1
2/25/2024 18:38,15.1
2/25/2024 18:38,15.1
2/25/2024 18:38,15.1
2/25/2024 18:38,15.1
2/25/2024 18:38,15.1
2/25/2024 18:38,15.1
2/25/2024 18:38,15.1
2/25/2024 18:38,15.1
2/25/2024 18:37,15.1
2/25/2024 18:37,15.1
2/25/2024 18:37,15.1
2/25/2024 18:37,15.1
2/25/2024 18:37,15.1
2/25/2024 18:37,15.1
2/25/2024 18:37,15.1
2/25/2024 18:37,15.1
2/25/2024 18:37,15.1
2/25/2024 18:36,15.1
2/25/2024 18:36,15.1
2/25/2024 18:36,15.1
2/25/2024 18:36,15.1
2/25/2024 18:36,15.1
2/25/2024 18:36,15.1
2/25/2024 18:36,15.1
2/25/2024 18:36,15.1
2/25/2024 18:36,15.1
2/25/2024 18:36,15.1
2/25/2024 18:35,15.1
2/25/2024 18:35,15.1
2/25/2024 18:35,15.1
2/25/2024 18:35,15.1
2/25/2024 18:35,15.1
2/25/2024 18:35,15.1
2/25/2024 18:35,15.1
2/25/2024 18:35,15.1
2/25/2024 18:35,15.1
2/25/2024 18:35,15.1
2/25/2024 18:34,15.1
2/25/2024 18:34,15.1
2/25/2024 18:34,15.1
2/25/2024 18:34,15.1
2/25/2024 18:34,15.1
2/25/2024 18:34,15.1
2/25/2024 18:34,15.1
2/25/2024 18:34,15.1
2/25/2024 18:34,15.1
2/25/2024 18:34,15.1
2/25/2024 18:33,15.1
2/25/2024 18:33,15.1
2/25/2024 18:33,15.1
2/25/2024 18:33,15.1
2/25/2024 18:33,15.1
2/25/2024 18:33,15.1
2/25/2024 18:33,15.1
2/25/2024 18:33,15.1
2/25/2024 18:33,15.1
2/25/2024 18:32,15.1
2/25/2024 18:32,15.1
2/25/2024 18:32,15.1
2/25/2024 18:32,15.1
2/25/2024 18:32,15.1
2/25/2024 18:32,15.1
2/25/2024 18:32,15.1
2/25/2024 18:32,15.1
2/25/2024 18:32,15.1
2/25/2024 18:32,15.1
2/25/2024 18:31,15.1
2/25/2024 18:31,15.1
2/25/2024 18:31,15.1
2/25/2024 18:31,15.1
2/25/2024 18:31,15.1
2/25/2024 18:31,15.1
2/25/2024 18:31,15.1
2/25/2024 18:31,15.1
2/25/2024 18:31,15.1
2/25/2024 18:31,15.1
2/25/2024 18:30,15.1
2/25/2024 18:30,15.1
2/25/2024 18:30,15.1
2/25/2024 18:30,15.1
2/25/2024 18:30,15.1
2/25/2024 18:30,15.1
2/25/2024 18:30,15.1
2/25/2024 18:30,59.5
2/25/2024 18:30,100
2/25/2024 18:29,99.8
2/25/2024 18:29,60.5
2/25/2024 18:29,57.8
2/25/2024 18:29,18.3
2/25/2024 18:29,15.4
2/25/2024 18:29,14.8
2/25/2024 18:28,14.5
2/25/2024 18:28,20.8
2/25/2024 18:28,20.8
2/25/2024 18:28,20.8
2/25/2024 18:28,20.8
2/25/2024 18:27,20.8
2/25/2024 18:27,20.8
